Workbook

Sheet Plan1

Sheet BM MORRO DA CRUZ - VERTICAL
A1: APOIO PARA CRONOGRAMA FF | E1: BM - PLANILHA DE MEDIÇÃO - ORÇAMENTOS PARCIAIS | T1: CONTRATO: | V1: ANKARA | Z1: LEV.
T2: 10239 / | U2: 2026 | Z2: REDES
E3: OBRA: | R3: DATA BASE - ORÇAMENTO: | T3: ORIGINAL - P0 (CAESB) - PV | V3: CUSTO ANKARA P/ PROPOSTA - CUSTO LINEAR | X3: CUSTO ANKARA (ESTUDADO) - PS (REFERÊNCIA P/ COMPRAS) | Z3: PERÍODO:
E4: IMPLANTAÇÃO DE REDES DE DISTRIBUIÇÃO NO MORRO DA CRUZ, SÃO SEBASTIÃO/DF | R4: 01/2025 | Z4: REV01 - 13/10/2026
A5: SEQUÊNCIA | B5: CÓD. CRON. FF | C5: DESCRIÇÃO DO ORÇAMENTO | D5: ITEM - BM VERTICAL | E5: ITEM - BM | F5: DESCRIÇÃO | G5: PRESSÃO | H5: RESINA | I5: TIPO_CONEXÃO | J5: SOLDA | K5: DIÂMETRO | L5: MATERIAL | M5: GRUPO | N5: GRUPO ORÇAMENTO ANKARA | O5: CÓDIGO CAESB | P5: CLASSIFICAÇÃO | Q5: DESCRIÇÃO SUMÁRIA | R5: UNID. | S5: QUANT. | T5: VALOR UNITÁRIO | U5: TOTAL | V5: VALOR UNITÁRIO | W5: TOTAL | X5: VALOR UNITÁRIO | Y5: TOTAL | Z5: QUANT. | AA5: TOTAL
A6: 1 | C6: CANTEIRO DE OBRAS - MATERIAL + SERVIÇO | Q6: CANTEIRO DE OBRAS - MATERIAL + SERVIÇO | U6: =SUM(U7,U26,U68,U73,U76) -> 1166828
A7: 1 | E7: 1 | O7: 03 | Q7: MATERIAL | U7: =SUM(U8,U10,U12,U14,U16,U19,U21,U23) -> 81448.72
A8: 1 | E8: 1.1 | O8: 01730 | Q8: ADMINISTRAÇÃO LOCAL | U8: =SUM(U9:U9) -> 28416.96
A9: 1 | B9: 1.1 | C9: CANTEIRO - MATERIAL | D9: =B9&"_"&E9 -> 1.1_1.1.1 | E9: 1.1.1 | F9: RECURSOS MATERIAIS PARA ADMINISTRAÇÃO LOCAL | G9: N/A | H9: N/A | I9: N/A | J9: N/A | K9: N/A | L9: N/A | M9: CANTEIRO | N9: OUTROS | O9: 0173003001001 | P9: MATERIAL | Q9: RECURSOS MATERIAIS PARA ADMINISTRAÇÃO LOCAL (MATERIAIS DE CONSUMO, ÁGUA, ENERGIA ELÉTRICA E COMUNICAÇÃO) - TIPO 2 | R9: MES | S9: 18 | T9: 1578.72 | U9: =ROUND(T9*$S9,2) -> 28416.96
A10: 1 | E10: 1.2 | O10: 01741 | Q10: CONSERVAÇÃO E LIMPEZA | U10: =SUM(U11:U11) -> 16736.7
A11: 1 | B11: 1.1 | C11: CANTEIRO - MATERIAL | D11: =B11&"_"&E11 -> 1.1_1.2.2 | E11: 1.2.2 | F11: TAXA DISPOSIÇÃO FINAL RCC - SEGREGADOS | G11: N/A | H11: N/A | I11: N/A | J11: N/A | K11: N/A | L11: N/A | M11: CANTEIRO/REDES/CAIXAS/INTERLIGAÇÃO | N11: DESCARTE | O11: 0174103006002 | P11: MATERIAL | Q11: TAXA PARA DISPOSIÇÃO FINAL DE RESÍDUOS DA CONSTRUÇÃO CIVIL SEGREGADOS, CONFORME RESOLUÇÃO ADASA N° 45/2024, A PARTIR DE 01/01/2025. | R11: T | S11: 977.04 | T11: 17.13 | U11: =ROUND(T11*$S11,2) -> 16736.7
A12: 1 | E12: 1.6 | O12: 10180 | Q12: COBERTURAS | U12: =SUM(U13:U13) -> 5200
A13: 1 | B13: 1.1 | C13: CANTEIRO - MATERIAL | D13: =B13&"_"&E13 -> 1.1_1.6.1 | E13: 1.6.1 | F13: TENDA PIRAMIDAL 3,00 X 3,00 M COM FECHAMENTOS LATERAIS | G13: N/A | H13: N/A | I13: TENDA | J13: N/A | K13: 3,00X3,00 | L13: LONA PVC | M13: CANTEIRO | N13: CANTEIRO | O13: 1018003001001 | P13: MATERIAL | Q13: TENDA PIRAMIDAL 3,00 X 3,00 M COM FECHAMENTOS LATERAIS | R13: UN | S13: 2 | T13: 2600 | U13: =ROUND(T13*$S13,2) -> 5200
A14: 1 | E14: 1.7 | O14: 12510 | Q14: MÓVEIS PARA ESCRITÓRIO | U14: =SUM(U15:U15) -> 8892.18
A15: 1 | B15: 1.1 | C15: CANTEIRO - MATERIAL | D15: =B15&"_"&E15 -> 1.1_1.7.1 | E15: 1.7.1 | F15: INFRAESTRUTURA BÁSICA PARA FISCALIZAÇÃO | G15: N/A | H15: N/A | I15: N/A | J15: N/A | K15: N/A | L15: N/A | M15: CANTEIRO | N15: CANTEIRO | O15: 1251003008004 | P15: MATERIAL | Q15: INFRAESTRUTURA BÁSICA PARA FISCALIZAÇÃO INCLUINDO NO MÍNIMO OS ITENS A SEGUIR: MÓVEIS E EQUIPAMENTOS (DUAS MESAS, QUATRO CADEIRAS, UM PURIFICADOR DE ÁGUA, UM APARELHO DE AR CONDICIONADO 7500 BTUS, UM NOTEBOOK INTEL CORE I7, 12GB, SSD 256GB, TELA COM RESOLUÇÃO MÍNIMA 1920X1080P, WINDOWS 10 OU VERSÕES SUPERIORES, COM PACOTE MICROSOFT OFFICE 360 E ACESSO À INTERNET). | R15: MES | S15: 18 | T15: 494.01 | U15: =ROUND(T15*$S15,2) -> 8892.18
A16: 1 | E16: 1.11 | O16: 15120 | Q16: PRODUTOS ESPECIAIS PARA TUBULAÇÕES | U16: =SUM(U17:U18) -> 250.59
A17: 1 | B17: 1.1 | C17: CANTEIRO - MATERIAL | D17: =B17&"_"&E17 -> 1.1_1.11.1 | E17: 1.11.1 | F17: CAIXA DE PROTEÇÃO PARA 01 HIDRÔMETRO - PADRÃO CAESB | G17: N/A | H17: N/A | I17: CAIXA PROTEÇÃO | J17: N/A | K17: 50X40 | L17: PLÁSTICO | M17: CANTEIRO | N17: CX HIDRÔMETRO | O17: 1512003007001 | P17: MATERIAL | Q17: CAIXA DE PROTEÇÃO PARA 01 HIDRÔMETRO - PADRÃO CAESB | R17: UN | S17: 1 | T17: 129.9 | U17: =ROUND(T17*$S17,2) -> 129.9
A18: 1 | B18: 1.1 | C18: CANTEIRO - MATERIAL | D18: =B18&"_"&E18 -> 1.1_1.11.2 | E18: 1.11.2 | F18: HIDRÔMETRO UNIJATO COM CORPO EM COBRE | G18: N/A | H18: N/A | I18: HIDRÔMETRO | J18: N/A | K18: 3/4" | L18: COBRE | M18: CANTEIRO/LIGAÇÕES | N18: OUTROS | O18: 1512003001034 | P18: MATERIAL | Q18: HIDRÔMETRO UNIJATO COM CORPO EM COBRE (CLASSE: B / DIÂMETRO NOMINAL: 3/4" OU 20 MM / VAZÃO MÁXIMA: 1,5 M³/H / COMPRIMENTO: 115 MM) | R18: UN | S18: 1 | T18: 120.69 | U18: =ROUND(T18*$S18,2) -> 120.69
A19: 1 | E19: 1.13 | O19: 15143 | Q19: TUBOS E CONEXÕES DE PVC - ÁGUA FRIA (ROSCÁVEL) | U19: =SUM(U20:U20) -> 39.56
A20: 1 | B20: 1.1 | C20: CANTEIRO - MATERIAL | D20: =B20&"_"&E20 -> 1.1_1.13.1 | E20: 1.13.1 | F20: ADAPTADOR DE PVC BRANCO ROSCÁVEL COM ANEL PARA CAIXA D'ÁGUA | G20: N/A | H20: N/A | I20: ADAPTADOR | J20: N/A | K20: 1.1/2" | L20: PVC | M20: CANTEIRO | N20: OUTROS | O20: 1514303022006 | P20: MATERIAL | Q20: ADAPTADOR DE PVC BRANCO ROSCÁVEL COM ANEL PARA CAIXA D'ÁGUA (DIÂMETRO DA SEÇÃO: 1 1/2 ") | R20: UN | S20: 1 | T20: 39.56 | U20: =ROUND(T20*$S20,2) -> 39.56
A21: 1 | E21: 1.14 | O21: 15146 | Q21: TUBOS E CONEXÕES DE POLIETILENO DE ALTA DENSIDADE | U21: =SUM(U22:U22) -> 255.9
A22: 1 | B22: 1.1 | C22: CANTEIRO - MATERIAL | D22: =B22&"_"&E22 -> 1.1_1.14.77 | E22: 1.14.77 | F22: TUBO | G22: PN10 | H22: PE100 | I22: TUBO | J22: TERMOFUSÃO | K22: 63 | L22: PEAD | M22: CANTEIRO/HIDROMECÂNICO | N22: TUBO PEAD | O22: 1514603006037 | P22: MATERIAL | Q22: TUBO DE POLIETILENO DE ALTA DENSIDADE (CLASSE DE PRESSÃO: 10 KGF/CM² / DIÂMETRO EXTERNO NOMINAL: 63 MM / TIPO DE RESINA: PE100) | R22: M | S22: 15 | T22: 17.06 | U22: =ROUND(T22*$S22,2) -> 255.9
A23: 1 | E23: 1.18 | O23: 89001 | Q23: INSUMOS COMPLEMENTARES | U23: =SUM(U24:U25) -> 21656.83
A24: 1 | B24: 1.1 | C24: CANTEIRO - MATERIAL | D24: =B24&"_"&E24 -> 1.1_1.18.5 | E24: 1.18.5 | F24: FOSSA SÉPTICA SEM FILTRO - 15 A 30 CONTRIBUINTES | G24: N/A | H24: N/A | I24: FOSSA | J24: N/A | K24: 5500 | L24: PEAD | M24: CANTEIRO | N24: OUTROS | O24: 8900103001SI39363 | P24: MATERIAL | Q24: FOSSA SEPTICA, SEM FILTRO, EM POLIETILENO DE ALTA DENSIDADE (PEAD), PARA 15 A 30 CONTRIBUINTES, CILINDRICA, COM TAMPA, CAPACIDADE APROXIMADA DE *5500* LITROS (NBR 7229) | R24: UN | S24: 1 | T24: 6307.51 | U24: =ROUND(T24*$S24,2) -> 6307.51
A25: 1 | B25: 1.1 | C25: CANTEIRO - MATERIAL | D25: =B25&"_"&E25 -> 1.1_1.18.8 | E25: 1.18.8 | F25: PILAR QUADRADO NAO APARELHADO 20 X 20 CM | G25: N/A | H25: N/A | I25: PILAR | J25: N/A | K25: 20X20 | L25: MADEIRA | M25: CANTEIRO | N25: CANTEIRO | O25: 8900103001SI35276 | P25: MATERIAL | Q25: PILAR QUADRADO NAO APARELHADO *20 X 20* CM, EM MACARANDUBA/MASSARANDUBA, ANGELIM OU EQUIVALENTE DA REGIAO - BRUTA | R25: M | S25: 84 | T25: 182.73 | U25: =ROUND(T25*$S25,2) -> 15349.32
A26: 1 | E26: 5 | O26: 08 | Q26: SERVICOS COMPOSTOS - CONSTRUÇÃO EM GERAL | U26: =SUM(U27,U30,U37,U40,U42,U45,U50,U53,U57,U62,U66) -> 524433.87
A27: 1 | E27: 5.1 | O27: 80005 | Q27: CANTEIRO DE OBRAS | U27: =SUM(U28:U29) -> 72155.72
A28: 1 | B28: 1.2 | C28: CANTEIRO - SERVIÇO | D28: =B28&"_"&E28 -> 1.2_5.1.1 | E28: 5.1.1 | O28: 8000508010SI105115 | P28: SERVIÇO | Q28: INSTALAÇÃO E DESINSTALAÇÃO MECANIZADA DE CONTÊINER OU MÓDULO HABITÁVEL DE USOS DIVERSOS. AF_03/2024 | R28: UN | S28: 18 | T28: 130.92 | U28: =ROUND(T28*$S28,2) -> 2356.56
A29: 1 | B29: 1.2 | C29: CANTEIRO - SERVIÇO | D29: =B29&"_"&E29 -> 1.2_5.1.2 | E29: 5.1.2 | O29: 8000508010SI98459 | P29: SERVIÇO | Q29: TAPUME COM TELHA METÁLICA. AF_03/2024 | R29: M2 | S29: 772.2 | T29: 90.39 | U29: =ROUND(T29*$S29,2) -> 69799.16
A30: 1 | E30: 5.4 | O30: 80020 | Q30: MOVIMENTO DE TERRA | U30: =SUM(U31:U36) -> 102098.25
A31: 1 | B31: 1.2 | C31: CANTEIRO - SERVIÇO | D31: =B31&"_"&E31 -> 1.2_5.4.4 | E31: 5.4.4 | O31: 8002008099SI100983 | P31: SERVIÇO | Q31: CARGA, MANOBRA E DESCARGA DE ENTULHO EM CAMINHÃO BASCULANTE 14 M³ - CARGA COM ESCAVADEIRA HIDRÁULICA (CAÇAMBA DE 0,80 M³ / 111 HP) E DESCARGA LIVRE (UNIDADE: M3). AF_07/2020 | R31: M3 | S31: 697.88 | T31: 9.16 | U31: =ROUND(T31*$S31,2) -> 6392.58
A32: 1 | B32: 1.2 | C32: CANTEIRO - SERVIÇO | D32: =B32&"_"&E32 -> 1.2_5.4.6 | E32: 5.4.6 | O32: 8002008099SI100997 | P32: SERVIÇO | Q32: CARGA, MANOBRA E DESCARGA DE ENTULHO EM CAMINHÃO BASCULANTE 6 M³ - CARGA COM ESCAVADEIRA HIDRÁULICA (CAÇAMBA DE 0,80 M³ / 111 HP) E DESCARGA LIVRE (UNIDADE: T). AF_07/2020 | R32: T | S32: 3489.42 | T32: 6.35 | U32: =ROUND(T32*$S32,2) -> 22157.82
A33: 1 | B33: 1.2 | C33: CANTEIRO - SERVIÇO | D33: =B33&"_"&E33 -> 1.2_5.4.17 | E33: 5.4.17 | O33: 8002008050SI93382 | P33: SERVIÇO | Q33: REATERRO MANUAL DE VALAS, COM COMPACTADOR DE SOLOS DE PERCUSSÃO. AF_08/2023 | R33: M3 | S33: 6.45 | T33: 27.15 | U33: =ROUND(T33*$S33,2) -> 175.12
A34: 1 | B34: 1.2 | C34: CANTEIRO - SERVIÇO | D34: =B34&"_"&E34 -> 1.2_5.4.22 | E34: 5.4.22 | O34: 8002008099SI93593 | P34: SERVIÇO | Q34: TRANSPORTE COM CAMINHÃO BASCULANTE DE 14 M³, EM VIA URBANA PAVIMENTADA, ADICIONAL PARA DMT EXCEDENTE A 30 KM (UNIDADE: M3XKM). AF_07/2020 | R34: M3XKM | S34: 19122.02 | T34: 0.89 | U34: =ROUND(T34*$S34,2) -> 17018.6
A35: 1 | B35: 1.2 | C35: CANTEIRO - SERVIÇO | D35: =B35&"_"&E35 -> 1.2_5.4.23 | E35: 5.4.23 | O35: 8002008099SI95876 | P35: SERVIÇO | Q35: TRANSPORTE COM CAMINHÃO BASCULANTE DE 14 M³, EM VIA URBANA PAVIMENTADA, DMT ATÉ 30 KM (UNIDADE: M3XKM). AF_07/2020 | R35: M3XKM | S35: 20936.52 | T35: 2.19 | U35: =ROUND(T35*$S35,2) -> 45850.98
A36: 1 | B36: 1.2 | C36: CANTEIRO - SERVIÇO | D36: =B36&"_"&E36 -> 1.2_5.4.25 | E36: 5.4.25 | O36: 8002008099SI97914 | P36: SERVIÇO | Q36: TRANSPORTE COM CAMINHÃO BASCULANTE DE 6 M³, EM VIA URBANA PAVIMENTADA, DMT ATÉ 30 KM (UNIDADE: M3XKM). AF_07/2020 | R36: M3XKM | S36: 3489.42 | T36: 3.01 | U36: =ROUND(T36*$S36,2) -> 10503.15
A37: 1 | E37: 5.7 | O37: 80040 | Q37: FUNDAÇÕES E ESTRUTURAS | U37: =SUM(U38:U39) -> 181101.8
A38: 1 | B38: 1.2 | C38: CANTEIRO - SERVIÇO | D38: =B38&"_"&E38 -> 1.2_5.7.10 | E38: 5.7.10 | O38: 8004008028SI103075 | P38: SERVIÇO | Q38: EXECUÇÃO DE PISO DE CONCRETO, COM ACABAMENTO SUPERFICIAL, ESPESSURA DE 15 CM, FCK = 30 MPA, COM USO DE FORMAS EM MADEIRA SERRADA. AF_09/2021 | R38: M2 | S38: 640 | T38: 223.43 | U38: =ROUND(T38*$S38,2) -> 142995.2
A39: 1 | B39: 1.2 | C39: CANTEIRO - SERVIÇO | D39: =B39&"_"&E39 -> 1.2_5.7.14 | E39: 5.7.14 | O39: 8004008020SI96624 | P39: SERVIÇO | Q39: LASTRO COM MATERIAL GRANULAR (PEDRA BRITADA N.2), APLICADO EM PISOS OU LAJES SOBRE SOLO, ESPESSURA DE *10 CM*. AF_01/2024 | R39: M3 | S39: 126.6 | T39: 301 | U39: =ROUND(T39*$S39,2) -> 38106.6
A40: 1 | E40: 5.8 | O40: 80045 | Q40: ASSENTAMENTO | U40: =SUM(U41:U41) -> 11.7
A41: 1 | B41: 1.2 | C41: CANTEIRO - SERVIÇO | D41: =B41&"_"&E41 -> 1.2_5.8.44 | E41: 5.8.44 | O41: 8004508283005 | P41: SERVIÇO | Q41: ASSENTAMENTO DE TUBO PEAD LISO PARA REDE DE ÁGUA OU ESGOTO, DIÂMETRO DE 63 MM, JUNTA SOLDADA (NÃO INCLUI A EXECUÇÃO DE SOLDA) - EXCLUSO FORNECIMENTO DE TUBO | R41: M | S41: 15 | T41: 0.78 | U41: =ROUND(T41*$S41,2) -> 11.7
A42: 1 | E42: 5.9 | O42: 80050 | Q42: PAVIMENTAÇÃO | U42: =SUM(U43:U44) -> 7669.74
A43: 1 | B43: 1.2 | C43: CANTEIRO - SERVIÇO | D43: =B43&"_"&E43 -> 1.2_5.9.1 | E43: 5.9.1 | O43: 8005008010SI100574 | P43: SERVIÇO | Q43: ESPALHAMENTO DE MATERIAL COM TRATOR DE ESTEIRAS. AF_09/2024 | R43: M3 | S43: 697.88 | T43: 1.39 | U43: =ROUND(T43*$S43,2) -> 970.05
A44: 1 | B44: 1.2 | C44: CANTEIRO - SERVIÇO | D44: =B44&"_"&E44 -> 1.2_5.9.6 | E44: 5.9.6 | O44: 8005008020SI100575 | P44: SERVIÇO | Q44: REGULARIZAÇÃO DE SUPERFÍCIES COM MOTONIVELADORA. AF_09/2024 | R44: M2 | S44: 3489.42 | T44: 1.92 | U44: =ROUND(T44*$S44,2) -> 6699.69
A45: 1 | E45: 5.10 | O45: 80055 | Q45: LIGAÇÕES PREDIAIS | U45: =SUM(U46:U49) -> 569.67
A46: 1 | B46: 1.2 | C46: CANTEIRO - SERVIÇO | D46: =B46&"_"&E46 -> 1.2_5.10.1 | E46: 5.10.1 | O46: 8005508100001 | P46: SERVIÇO | Q46: ASSENTAMENTO DE HIDRÔMETRO DE 1,50 M3/HORA | R46: UN | S46: 1 | T46: 23.73 | U46: =ROUND(T46*$S46,2) -> 23.73
A47: 1 | B47: 1.2 | C47: CANTEIRO - SERVIÇO | D47: =B47&"_"&E47 -> 1.2_5.10.3 | E47: 5.10.3 | O47: 8005508100SI95676 | P47: SERVIÇO | Q47: CAIXA EM CONCRETO PRÉ-MOLDADO PARA ABRIGO DE HIDRÔMETRO COM DN 20 MM - FORNECIMENTO E INSTALAÇÃO. AF_03/2024 | R47: UN | S47: 1 | T47: 138.07 | U47: =ROUND(T47*$S47,2) -> 138.07
A48: 1 | B48: 1.2 | C48: CANTEIRO - SERVIÇO | D48: =B48&"_"&E48 -> 1.2_5.10.4 | E48: 5.10.4 | O48: 8005508100SI97741 | P48: SERVIÇO | Q48: KIT CAVALETE PARA MEDIÇÃO DE ÁGUA - ENTRADA INDIVIDUALIZADA, EM PVC 25 MM (3/4"), PARA 1 MEDIDOR - FORNECIMENTO E INSTALAÇÃO (EXCLUSIVE HIDRÔMETRO). AF_03/2024 | R48: UN | S48: 1 | T48: 183.01 | U48: =ROUND(T48*$S48,2) -> 183.01
A49: 1 | B49: 1.2 | C49: CANTEIRO - SERVIÇO | D49: =B49&"_"&E49 -> 1.2_5.10.7 | E49: 5.10.7 | O49: 8005508120XXX8 | P49: SERVIÇO | Q49: LIGAÇÃO PREDIAL DE ÁGUA EM REDES, DIÂMETROS ATÉ 32 MM | R49: UN | S49: 1 | T49: 224.86 | U49: =ROUND(T49*$S49,2) -> 224.86
A50: 1 | E50: 5.11 | O50: 80060 | Q50: FECHAMENTO | U50: =SUM(U51:U52) -> 114560.88
A51: 1 | B51: 1.2 | C51: CANTEIRO - SERVIÇO | D51: =B51&"_"&E51 -> 1.2_5.11.1 | E51: 5.11.1 | O51: 8006008020SI94216 | P51: SERVIÇO | Q51: TELHAMENTO COM TELHA METÁLICA TERMOACÚSTICA E = 30 MM, COM ATÉ 2 ÁGUAS, INCLUSO IÇAMENTO. AF_07/2019 | R51: M2 | S51: 456 | T51: 203.83 | U51: =ROUND(T51*$S51,2) -> 92946.48
A52: 1 | B52: 1.2 | C52: CANTEIRO - SERVIÇO | D52: =B52&"_"&E52 -> 1.2_5.11.2 | E52: 5.11.2 | O52: 8006008020SI92580 | P52: SERVIÇO | Q52: TRAMA DE AÇO COMPOSTA POR TERÇAS PARA TELHADOS DE ATÉ 2 ÁGUAS PARA TELHA ONDULADA DE FIBROCIMENTO, METÁLICA, PLÁSTICA OU TERMOACÚSTICA, INCLUSO TRANSPORTE VERTICAL. AF_07/2019 | R52: M2 | S52: 456 | T52: 47.4 | U52: =ROUND(T52*$S52,2) -> 21614.4
A53: 1 | E53: 5.13 | O53: 80070 | Q53: INSTALAÇÕES PREDIAIS | U53: =SUM(U54:U56) -> 12131.8
A54: 1 | B54: 1.2 | C54: CANTEIRO - SERVIÇO | D54: =B54&"_"&E54 -> 1.2_5.13.1 | E54: 5.13.1 | O54: 8007008395SI98059 | P54: SERVIÇO | Q54: FILTRO ANAERÓBIO CIRCULAR, EM CONCRETO PRÉ-MOLDADO, DIÂMETRO INTERNO = 1,88 M, ALTURA INTERNA = 1,50 M, VOLUME ÚTIL: 3331,1 L (PARA 19 CONTRIBUINTES). AF_12/2020_PA | R54: UN | S54: 1 | T54: 4169.2 | U54: =ROUND(T54*$S54,2) -> 4169.2
A55: 1 | B55: 1.2 | C55: CANTEIRO - SERVIÇO | D55: =B55&"_"&E55 -> 1.2_5.13.2 | E55: 5.13.2 | O55: 8007008395SI98065 | P55: SERVIÇO | Q55: SUMIDOURO CIRCULAR, EM CONCRETO PRÉ-MOLDADO, DIÂMETRO INTERNO = 2,88 M, ALTURA INTERNA = 3,0 M, ÁREA DE INFILTRAÇÃO: 31,4 M² (PARA 12 CONTRIBUINTES). AF_12/2020_PA | R55: UN | S55: 1 | T55: 7802.15 | U55: =ROUND(T55*$S55,2) -> 7802.15
A56: 1 | B56: 1.2 | C56: CANTEIRO - SERVIÇO | D56: =B56&"_"&E56 -> 1.2_5.13.3 | E56: 5.13.3 | O56: 8007008122SI103979 | P56: SERVIÇO | Q56: TUBO, PVC, SOLDÁVEL, DE 50MM, INSTALADO EM RAMAL DE DISTRIBUIÇÃO DE ÁGUA - FORNECIMENTO E INSTALAÇÃO. AF_06/2022 | R56: M | S56: 5 | T56: 32.09 | U56: =ROUND(T56*$S56,2) -> 160.45
A57: 1 | E57: 5.14 | O57: 80080 | Q57: URBANIZAÇÃO | U57: =SUM(U58:U61) -> 22473.39
A58: 1 | B58: 1.2 | C58: CANTEIRO - SERVIÇO | D58: =B58&"_"&E58 -> 1.2_5.14.2 | E58: 5.14.2 | O58: 8008008010XXX5 | P58: SERVIÇO | Q58: ESTRUTURA DE CONCRETO ARMADO PARA APOIO E FIXAÇÃO DO PORTÃO METÁLICO DA CERCA DE CONCRETO, COMPOSTO POR 02 (DOIS) PILARES (COM FORMATO RETANGULAR E TRIANGULAR) COM ALTURA DE 2,05M, FIXADOS NA VIGA SUPERIOR DE CONCRETO PRÉ-MOLDADO, CINTA INFERIOR DE CONCRETO SIMPLES E BLOCO DE CONCRETO ARMADO. | R58: UN | S58: 1 | T58: 875.22 | U58: =ROUND(T58*$S58,2) -> 875.22
A59: 1 | B59: 1.2 | C59: CANTEIRO - SERVIÇO | D59: =B59&"_"&E59 -> 1.2_5.14.3 | E59: 5.14.3 | O59: 8008008010033 | P59: SERVIÇO | Q59: FORNECIMENTO E ASSENTAMENTO DE PORTÃO PARA VEÍCULOS PADRÃO CAESB, COM ESTRUTURA EM TUBO E TELAS EM ARAME GALVANIZADO | R59: M2 | S59: 10 | T59: 771.04 | U59: =ROUND(T59*$S59,2) -> 7710.4
A60: 1 | B60: 1.2 | C60: CANTEIRO - SERVIÇO | D60: =B60&"_"&E60 -> 1.2_5.14.4 | E60: 5.14.4 | O60: 8008008041SI103689 | P60: SERVIÇO | Q60: FORNECIMENTO E INSTALAÇÃO DE PLACA DE OBRA COM CHAPA GALVANIZADA E ESTRUTURA DE MADEIRA. AF_03/2022_PS | R60: M2 | S60: 25 | T60: 463.39 | U60: =ROUND(T60*$S60,2) -> 11584.75
A61: 1 | B61: 1.2 | C61: CANTEIRO - SERVIÇO | D61: =B61&"_"&E61 -> 1.2_5.14.5 | E61: 5.14.5 | O61: 8008008020SI98525 | P61: SERVIÇO | Q61: LIMPEZA MECANIZADA DE CAMADA VEGETAL, VEGETAÇÃO E PEQUENAS ÁRVORES (DIÂMETRO DE TRONCO MENOR QUE 0,20 M), COM TRATOR DE ESTEIRAS. AF_03/2024 | R61: M2 | S61: 3489.42 | T61: 0.66 | U61: =ROUND(T61*$S61,2) -> 2303.02
A62: 1 | E62: 5.15 | O62: 80085 | Q62: SERVIÇOS DIVERSOS | U62: =SUM(U63:U65) -> 11205.87
A63: 1 | B63: 1.2 | C63: CANTEIRO - SERVIÇO | D63: =B63&"_"&E63 -> 1.2_5.15.1 | E63: 5.15.1 | O63: 8008508023SI102619 | P63: SERVIÇO | Q63: CAIXA D´ÁGUA EM POLIÉSTER REFORÇADO COM FIBRA DE VIDRO, 10000 LITROS - FORNECIMENTO E INSTALAÇÃO. AF_06/2021 | R63: UN | S63: 1 | T63: 5997.31 | U63: =ROUND(T63*$S63,2) -> 5997.31
A64: 1 | B64: 1.2 | C64: CANTEIRO - SERVIÇO | D64: =B64&"_"&E64 -> 1.2_5.15.2 | E64: 5.15.2 | O64: 8008508024X238 | P64: SERVIÇO | Q64: DESENVOLVIMENTO DE PLANO DE GERENCIAMENTO DE RESÍDUOS SÓLIDOS - TIPO 2 (OBRA DE GRANDE PORTE), INCLUSIVE RELATÓRIO TÉCNICO | R64: UN | S64: 1 | T64: 4901.92 | U64: =ROUND(T64*$S64,2) -> 4901.92
A65: 1 | B65: 1.2 | C65: CANTEIRO - SERVIÇO | D65: =B65&"_"&E65 -> 1.2_5.15.3 | E65: 5.15.3 | O65: 8008508023SI94799 | P65: SERVIÇO | Q65: TORNEIRA DE BOIA PARA CAIXA D'ÁGUA, ROSCÁVEL, 1 1/2" - FORNECIMENTO E INSTALAÇÃO. AF_08/2021 | R65: UN | S65: 1 | T65: 306.64 | U65: =ROUND(T65*$S65,2) -> 306.64
A66: 1 | E66: 5.17 | O66: 80999 | Q66: SERVIÇO AUXILIAR PROVISÓRIO | U66: =SUM(U67:U67) -> 455.05
A67: 1 | B67: 1.2 | C67: CANTEIRO - SERVIÇO | D67: =B67&"_"&E67 -> 1.2_5.17.3 | E67: 5.17.3 | O67: 8099908001SC4805750 | P67: SERVIÇO | Q67: ESCAVAÇÃO MANUAL EM MATERIAL DE 1ª CATEGORIA NA PROFUNDIDADE DE ATÉ 1 M | R67: M3 | S67: 9.58 | T67: 47.5 | U67: =ROUND(T67*$S67,2) -> 455.05
A68: 1 | E68: 6 | O68: 10 | Q68: EQUIPAMENTOS (LOCAÇÃO) - BDI DIFERENCIADO | U68: =SUM(U69) -> 459842.94
A69: 1 | E69: 6.1 | O69: 22020 | Q69: MÁQUINAS E EQUIPAMENTOS SINAPI | U69: =SUM(U70:U72) -> 459842.94
A70: 1 | B70: 1.1 | C70: CANTEIRO - MATERIAL | D70: =B70&"_"&E70 -> 1.1_6.1.1 | E70: 6.1.1 | F70: LOCAÇÃO CONTAINER ESCRITÓRIO C/ 01 SANITÁRIO | G70: N/A | H70: N/A | I70: LOCAÇÃO | J70: N/A | K70: 2,30X6,00X2,50 | L70: CHAPA METÁLICA | M70: CANTEIRO | N70: LOCAÇÃO | O70: 2202010001SI10775 | P70: MATERIAL | Q70: LOCACAO DE CONTAINER 2,30 X 6,00 M, ALT. 2,50 M, COM 1 SANITARIO, PARA ESCRITORIO, COMPLETO, SEM DIVISORIAS INTERNAS (NAO INCLUI MOBILIZACAO/DESMOBILIZACAO) | R70: MES | S70: 90 | T70: 1500 | U70: =ROUND(T70*$S70,2) -> 135000
A71: 1 | B71: 1.1 | C71: CANTEIRO - MATERIAL | D71: =B71&"_"&E71 -> 1.1_6.1.2 | E71: 6.1.2 | F71: LOCAÇÃO CONTAINER ESCRITÓRIO S/ SANITÁRIO | G71: N/A | H71: N/A | I71: LOCAÇÃO | J71: N/A | K71: 2,30X6,00X2,50 | L71: CHAPA METÁLICA | M71: CANTEIRO | N71: LOCAÇÃO | O71: 2202010001SI10776 | P71: MATERIAL | Q71: LOCACAO DE CONTAINER 2,30 X 6,00 M, ALT. 2,50 M, PARA ESCRITORIO, SEM DIVISORIAS INTERNAS E SEM SANITARIO (NAO INCLUI MOBILIZACAO/DESMOBILIZACAO) | R71: MES | S71: 162 | T71: 1171.87 | U71: =ROUND(T71*$S71,2) -> 189842.94
A72: 1 | B72: 1.1 | C72: CANTEIRO - MATERIAL | D72: =B72&"_"&E72 -> 1.1_6.1.3 | E72: 6.1.3 | F72: LOCAÇÃO CONTAINER SANITÁRIO | G72: N/A | H72: N/A | I72: LOCAÇÃO | J72: N/A | K72: 2,30X6,00X2,50 | L72: CHAPA METÁLICA | M72: CANTEIRO | N72: LOCAÇÃO | O72: 2202010001SI10778 | P72: MATERIAL | Q72: LOCACAO DE CONTAINER 2,30 X 6,00 M, ALT. 2,50 M, PARA SANITARIO, COM 4 BACIAS, 8 CHUVEIROS,1 LAVATORIO E 1 MICTORIO (NAO INCLUI MOBILIZACAO/DESMOBILIZACAO) | R72: MES | S72: 72 | T72: 1875 | U72: =ROUND(T72*$S72,2) -> 135000
A73: 1 | E73: 7 | O73: 11 | Q73: EQUIPAMENTOS - MENSAL | U73: =SUM(U74) -> 47401.2
A74: 1 | E74: 7.1 | O74: 22040 | Q74: ACESSÓRIOS PARA CANTEIRO DE OBRAS | U74: =SUM(U75:U75) -> 47401.2
A75: 1 | B75: 1.1 | C75: CANTEIRO - MATERIAL | D75: =B75&"_"&E75 -> 1.1_7.1.1 | E75: 7.1.1 | F75: LOCAÇÃO DE BANHEIRO QUÍMICO COM DUAS MANUTENÇÕES SEMANAIS | G75: N/A | H75: N/A | I75: LOCAÇÃO | J75: N/A | K75: N/A | L75: N/A | M75: CANTEIRO | N75: LOCAÇÃO | O75: 2204011001001 | P75: MATERIAL | Q75: LOCAÇÃO DE BANHEIRO QUÍMICO COM DUAS MANUTENÇÕES SEMANAIS | R75: loc/un/mês | S75: 36 | T75: 1316.7 | U75: =ROUND(T75*$S75,2) -> 47401.2
A76: 1 | E76: 8 | O76: 19 | Q76: SERVICOS COMPOSTOS - CHE SEM OPERADOR | U76: =SUM(U77) -> 53701.3
A77: 1 | E77: 8.1 | O77: 22020 | Q77: MÁQUINAS E EQUIPAMENTOS SINAPI | U77: =SUM(U78:U81) -> 53701.3
A78: 1 | B78: 1.2 | C78: CANTEIRO - SERVIÇO | D78: =B78&"_"&E78 -> 1.2_8.1.1 | E78: 8.1.1 | O78: 2202019200SI6260 | P78: SERVIÇO | Q78: CAMINHÃO PIPA 6.000 L, PESO BRUTO TOTAL 13.000 KG, DISTÂNCIA ENTRE EIXOS 4,80 M, POTÊNCIA 189 CV INCLUSIVE TANQUE DE AÇO PARA TRANSPORTE DE ÁGUA, CAPACIDADE 6 M3 - CHI DIURNO. AF_06/2014 | R78: CHI | S78: 0 | T78: 62.33 | U78: =ROUND(T78*$S78,2) -> 0
A79: 1 | B79: 1.2 | C79: CANTEIRO - SERVIÇO | D79: =B79&"_"&E79 -> 1.2_8.1.2 | E79: 8.1.2 | O79: 2202019100SI6259 | P79: SERVIÇO | Q79: CAMINHÃO PIPA 6.000 L, PESO BRUTO TOTAL 13.000 KG, DISTÂNCIA ENTRE EIXOS 4,80 M, POTÊNCIA 189 CV INCLUSIVE TANQUE DE AÇO PARA TRANSPORTE DE ÁGUA, CAPACIDADE 6 M3 - CHP DIURNO. AF_06/2014 | R79: CHP | S79: 0 | T79: 256.25 | U79: =ROUND(T79*$S79,2) -> 0
A80: 1 | B80: 1.2 | C80: CANTEIRO - SERVIÇO | D80: =B80&"_"&E80 -> 1.2_8.1.4 | E80: 8.1.4 | O80: 2202019200SCE9779 | P80: SERVIÇO | Q80: GRUPO GERADOR - 113 KVA | R80: CHI | S80: 52.8 | T80: 6.55 | U80: =ROUND(T80*$S80,2) -> 345.84
A81: 1 | B81: 1.2 | C81: CANTEIRO - SERVIÇO | D81: =B81&"_"&E81 -> 1.2_8.1.3 | E81: 8.1.3 | O81: 2202019100SCE9779 | P81: SERVIÇO | Q81: GRUPO GERADOR - 113 KVA | R81: CHP | S81: 475.2 | T81: 112.28 | U81: =ROUND(T81*$S81,2) -> 53355.46
A82: 2 | C82: REDES - MATERIAL + SERVIÇO | Q82: REDES - MATERIAL + SERVIÇO | U82: =SUM(U83,U90) -> 29424726
A83: 2 | E83: 1 | O83: 03 | Q83: MATERIAL | U83: =SUM(U84,U87) -> 1083366.3
A84: 2 | E84: 1.2 | O84: 01741 | Q84: CONSERVAÇÃO E LIMPEZA | U84: =SUM(U85:U86) -> 1061980.1
A85: 2 | B85: 2.1 | C85: REDES - MATERIAL | D85: =B85&"_"&E85 -> 2.1_1.2.1 | E85: 1.2.1 | F85: TAXA DISPOSIÇÃO FINAL RCC - NÃO SEGREGADOS | G85: N/A | H85: N/A | I85: N/A | J85: N/A | K85: N/A | L85: N/A | M85: REDES/LIGAÇÕES | N85: DESCARTE | O85: 0174103006001 | P85: MATERIAL | Q85: TAXA PARA DISPOSIÇÃO FINAL DE RESÍDUOS DA CONSTRUÇÃO CIVIL NÃO SEGREGADOS, CONFORME RESOLUÇÃO ADASA N° 45/2024, A PARTIR DE 01/01/2025. | R85: T | S85: 72.41 | T85: 28.42 | U85: =ROUND(T85*$S85,2) -> 2057.89
A86: 2 | B86: 2.1 | C86: REDES - MATERIAL | D86: =B86&"_"&E86 -> 2.1_1.2.2 | E86: 1.2.2 | F86: TAXA DISPOSIÇÃO FINAL RCC - SEGREGADOS | G86: N/A | H86: N/A | I86: N/A | J86: N/A | K86: N/A | L86: N/A | M86: CANTEIRO/REDES/CAIXAS/INTERLIGAÇÃO | N86: DESCARTE | O86: 0174103006002 | P86: MATERIAL | Q86: TAXA PARA DISPOSIÇÃO FINAL DE RESÍDUOS DA CONSTRUÇÃO CIVIL SEGREGADOS, CONFORME RESOLUÇÃO ADASA N° 45/2024, A PARTIR DE 01/01/2025. | R86: T | S86: 61875.2 | T86: 17.13 | U86: =ROUND(T86*$S86,2) -> 1059922.2
A87: 2 | E87: 1.18 | O87: 89001 | Q87: INSUMOS COMPLEMENTARES | U87: =SUM(U88:U89) -> 21386.25
A88: 2 | B88: 2.1 | C88: REDES - MATERIAL | D88: =B88&"_"&E88 -> 2.1_1.18.4 | E88: 1.18.4 | F88: CONE DE SINALIZACAO EM PVC RIGIDO COM FAIXA REFLETIVA | G88: N/A | H88: N/A | I88: CONE | J88: N/A | K88: N/A | L88: PVC | M88: REDES | N88: OUTROS | O88: 8900103001SI13244 | P88: MATERIAL | Q88: CONE DE SINALIZACAO EM PVC RIGIDO COM FAIXA REFLETIVA, H = 70 / 76 CM | R88: UN | S88: 25 | T88: 39.45 | U88: =ROUND(T88*$S88,2) -> 986.25
A89: 2 | B89: 2.1 | C89: REDES - MATERIAL | D89: =B89&"_"&E89 -> 2.1_1.18.9 | E89: 1.18.9 | F89: PLACA DE OBRA | G89: N/A | H89: N/A | I89: PLACA DE OBRA | J89: N/A | K89: 2,4X1,2 | L89: CHAPA METÁLICA | M89: REDES | N89: CANTEIRO | O89: 8900103001SI4813 | P89: MATERIAL | Q89: PLACA DE OBRA (PARA CONSTRUCAO CIVIL) EM CHAPA GALVANIZADA *N. 22*, ADESIVADA, DE *2,4 X 1,2* M (SEM POSTES PARA FIXACAO) | R89: M2 | S89: 51 | T89: 400 | U89: =ROUND(T89*$S89,2) -> 20400
A90: 2 | E90: 5 | O90: 08 | Q90: SERVICOS COMPOSTOS - CONSTRUÇÃO EM GERAL | U90: =SUM(U91,U98,U101,U123,U128,U130,U172,U177,U181,U189) -> 28341360
A91: 2 | E91: 5.2 | O91: 80010 | Q91: SERVICOS TÉCNICOS | U91: =SUM(U92:U97) -> 1335467.2
A92: 2 | B92: 2.2 | C92: REDES - SERVIÇO | D92: =B92&"_"&E92 -> 2.2_5.2.1 | E92: 5.2.1 | O92: 8001008020005 | P92: SERVIÇO | Q92: CADASTRO DE CANALIZAÇÕES CIRCULARES | R92: M | S92: 111219.2 | T92: 2.61 | U92: =ROUND(T92*$S92,2) -> 290282.11
A93: 2 | B93: 2.2 | C93: REDES - SERVIÇO | D93: =B93&"_"&E93 -> 2.2_5.2.2 | E93: 5.2.2 | O93: 8001008060SI74022/10 | P93: SERVIÇO | Q93: ENSAIO DE COMPACTACAO - AMOSTRAS NAO TRABALHADAS - ENERGIA NORMAL - SOLOS (ATUALIZADO CAESB) | R93: UN | S93: 1307 | T93: 236.46 | U93: =ROUND(T93*$S93,2) -> 309053.22
A94: 2 | B94: 2.2 | C94: REDES - SERVIÇO | D94: =B94&"_"&E94 -> 2.2_5.2.3 | E94: 5.2.3 | O94: 8001008060SI74022/6 | P94: SERVIÇO | Q94: ENSAIO DE GRANULOMETRIA POR PENEIRAMENTO - SOLOS (ATUALIZADO CAESB) | R94: UN | S94: 1307 | T94: 199.12 | U94: =ROUND(T94*$S94,2) -> 260249.84
A95: 2 | B95: 2.2 | C95: REDES - SERVIÇO | D95: =B95&"_"&E95 -> 2.2_5.2.4 | E95: 5.2.4 | O95: 8001008060SI74022/8 | P95: SERVIÇO | Q95: ENSAIO DE LIMITE DE LIQUIDEZ - SOLOS (ATUALIZADO CAESB) | R95: UN | S95: 1307 | T95: 124.45 | U95: =ROUND(T95*$S95,2) -> 162656.15
A96: 2 | B96: 2.2 | C96: REDES - SERVIÇO | D96: =B96&"_"&E96 -> 2.2_5.2.5 | E96: 5.2.5 | O96: 8001008060SI74022/9 | P96: SERVIÇO | Q96: ENSAIO DE LIMITE DE PLASTICIDADE - SOLOS (ATUALIZADO CAESB) | R96: UN | S96: 1307 | T96: 112.01 | U96: =ROUND(T96*$S96,2) -> 146397.07
A97: 2 | B97: 2.2 | C97: REDES - SERVIÇO | D97: =B97&"_"&E97 -> 2.2_5.2.7 | E97: 5.2.7 | O97: 8001008010002 | P97: SERVIÇO | Q97: LOCAÇÃO E NIVELAMENTO DE REDES DE ÁGUA, COM ELABORAÇÃO DE NOTA DE SERVIÇOS E LEVANTAMENTO NORMAIS | R97: M | S97: 111219.2 | T97: 1.5 | U97: =ROUND(T97*$S97,2) -> 166828.8
A98: 2 | E98: 5.3 | O98: 80015 | Q98: SERVIÇOS PRELIMINARES | U98: =SUM(U99:U100) -> 830463.95
A99: 2 | B99: 2.2 | C99: REDES - SERVIÇO | D99: =B99&"_"&E99 -> 2.2_5.3.1 | E99: 5.3.1 | O99: 8001508040SI104789 | P99: SERVIÇO | Q99: DEMOLIÇÃO DE PISO DE CONCRETO SIMPLES, DE FORMA MANUAL, SEM REAPROVEITAMENTO. AF_09/2023 | R99: M3 | S99: 12.51 | T99: 222.55 | U99: =ROUND(T99*$S99,2) -> 2784.1
A100: 2 | B100: 2.2 | C100: REDES - SERVIÇO | D100: =B100&"_"&E100 -> 2.2_5.3.2 | E100: 5.3.2 | O100: 8001508020XX10 | P100: SERVIÇO | Q100: ISOLAMENTO DE OBRA COM TELA PLÁSTICA E ESTRUTURA DE MADEIRA PONTALETEADA - COM TELA DE ISOLAMENTO/SINALIZAÇÃO LARANJA MEDINDO 1,20 X 50M NO FORMATO RETANGULAR. REV 06/2017 | R100: M2 | S100: 26777.09 | T100: 30.91 | U100: =ROUND(T100*$S100,2) -> 827679.85
...

Sheet REDE
A1: RASTREABILIDADE DE REDES - GERAL | BI1: CONTRATO: | BK1: DATA:
BI2: 10239/2026 | BK2: 46308
A3: OBRA: | BK3: ELAB. POR:
A4: IMPLANTAÇÃO DE REDES DE DISTRIBUIÇÃO NO MORRO DA CRUZ, SÃO SEBASTIÃO/DF | BK4: ANKARA ENGENHARIA
A5: ITEM | B5: GOOGLE LINK | C5: DESCRIÇÃO | D5: PRESSÃO | E5: RESINA | F5: TIPO_CONEXÃO | G5: SOLDA | H5: DIÂMETRO | I5: MATERIAL | J5: GRUPO | K5: LOCAL | L5: UNID. | M5: DISTÂNCIA | N5: METODOLOGIA | O5: ACABAMENTO | P5: FINALIDADE | Q5: CATEGORIA | R5: PONTO | S5: CLASSIFICAÇÃO EXECUTIVA | T5: Nº DESENHO | U5: PRANCHA | V5: REVISÃO | W5: DATA REVISÃO | X5: DELIMITIAÇÃO | Y5: CONJUNTO | Z5: LOTE | AA5: DIST. CANTEIRO | AB5: OBSERVAÇÕES | AC5: CÓDIGO BM | AD5: AGRUPAMENTO | AE5: RECOB. | AF5: PROF. | AG5: LARG. | AH5: LASTRO | AI5: VOL. TUBO | AJ5: (H)-ENVOLTÓRIA | AK5: DIST. BOTA FORA | AL5: LOCAÇÃO C/ NOTA | AM5: CADASTRO | AN5: FURO SOND. | AO5: TAPUME DESC. MÓVEL | AP5: VOL. TOTAL ESC. | AQ5: LASTRO2 | AR5: ATERRO AREIA | AS5: REATERRO | AT5: ESCAV. EXT. ROCHA | AU5: ESCAV. MAN. 1ª CAT. <1,50 | AV5: ESCAV. MAN. 1ª CAT. >1,50<3,00 | AW5: ESCAV. MEC. 1ª CAT. <1,50 | AX5: ESCAV. MEC. 1ª CAT. >1,50<3,00 | AY5: ESCAV. MEC. 2ª CAT. <1,50 | AZ5: ESCAV. MEC. 2ª CAT. >1,50<3,00 | BA5: ESGOT. VALA | BB5: CARGA | BC5: CARGA DE ROCHA | BD5: ESC. PONTALETE >=1,25 M <1,5 M | BE5: ESC. DESCONTÍNUO >=1,5 M <3,0 M | BF5: ESC. CONTÍNUO MISTO >=3,0 M | BG5: TRANSPORTE A GRANEL | BH5: PLACA SINALIZAÇÃO | BI5: SINALIZAÇÃO NOTURNA | BJ5: PASSADIÇO - CHAPA DE AÇO (VEÍCULOS) | BK5: PASSADIÇO - TÁBUAS (PEDESTRE) | BL5: APOIO AGRUPAMENTO BLOCO | BM5: EQUIPE | BN5: TIPO | BO5: PB | BP5: NÓ INICIAL | BQ5: NÓ FINAL | BR5: HANDLE CAD | BS5: COORD. E (UTM) INÍCIO | BT5: COORD. N (UTM) INÍCIO | BU5: COORD. E (UTM) FIM | BV5: COORD. N (UTM) FIM | BW5: LATITUDE (MEIO) | BX5: LONGITUDE (MEIO) | BY5: ROTA - PONTO DE REFERÊNCIA
A6: =IF(C6<>"",ROW(A1),"") -> 1 | B6: =HYPERLINK("https://www.google.com/maps/dir/-15.917302,-47.760003/-15.9087023,-47.7685795/data=!4m3!4m2!3e0!5i0") -> https://www.google.com/maps/dir/-15.917302,-47.760003/-15.9087023,-47.7685795/data=!4m3!4m2!3e0!5i0 | C6: TUBO PEAD | D6: PN10 | E6: PE100 | F6: TUBO PEAD | G6: ELETROFUSÃO | H6: 63 | I6: PEAD | J6: REDES | K6: Zona01 | L6: M | M6: =76.55 -> 76.55 | N6: VCA | O6: VIA | P6: REDE | Q6: LINEAR | R6: Zona01_PB01_Rede_TR001 | S6: TERCIÁRIA | T6: A.RED.SSB-D014.V03.T01.002/037 | U6: =RIGHT(T6,7) -> 002/037 | V6: REVISÃO 08 | W6: 45882 | X6: ST BAIRRO RESID VITÓRIA | Z6: S/DEFINIÇÃO | AA6: 1.6 | AB6: TRECHO DE Zona01_PB01_Rede_NÓ1.8 A Zona01_PB01_Rede_NÓ2.7 | AC6: 5.8.44 | AD6: =CONCATENATE($C6,$I6,$H6,$N6,$J6,$K6) -> TUBO PEADPEAD63VCAREDESZona01 | AE6: =IFERROR(INDEX(APOIO_REDES!$A:$W,MATCH($C6&$I6&$H6&$N6&$O6,APOIO_REDES!$W:$W,0),MATCH(AE$5,APOIO_REDES!$5:$5,0)),0) -> 1.2 | AF6: =IFERROR(INDEX(APOIO_REDES!$A:$W,MATCH($C6&$I6&$H6&$N6&$O6,APOIO_REDES!$W:$W,0),MATCH(AF$5,APOIO_REDES!$5:$5,0)),0) -> 1.363 | AG6: =IFERROR(INDEX(APOIO_REDES!$A:$W,MATCH($C6&$I6&$H6&$N6&$O6,APOIO_REDES!$W:$W,0),MATCH(AG$5,APOIO_REDES!$5:$5,0)),0) -> 0.65 | AH6: =IFERROR(INDEX(APOIO_REDES!$A:$W,MATCH($C6&$I6&$H6&$N6&$O6,APOIO_REDES!$W:$W,0),MATCH(AH$5,APOIO_REDES!$5:$5,0)),0) -> 0.1 | AI6: =IFERROR(IF($H6<>"",(((($H6/1000)/2)^2)*PI()*$M6),0),0) -> 0.23862513 | AJ6: =IFERROR(IF(AND($H6<>"",$I6="FoFo",OR($N6="MND",$N6="VCA"),$Q6="LINEAR"),0,IF(AND($H6<>"",$I6="PEAD",$N6="VCA",$Q6="LINEAR"),($H6/1000)+0.3,IF(AND($H6<>"",$I6="PEAD",$N6="MND",$Q6="EMBOQUE"),0,IF(AND($H6<>"",$I6="PVC",$N6="VCA",$Q6="LINEAR"),($H6/1000)+0.2,IF(AND($H6<>"",$I6="PVC",$N6="MND",$Q6="EMBOQUE"),0,IF(AND($H6<>"",$I6="PEAD",$N6="VCA",$Q6="PREDIAL"),0,0)))))),0) -> 0.363 | AK6: =IF(AA6<>"",AA6,0) -> 1.6 | AL6: =IF(AND($N6="MND",$Q6="EMBOQUE"),$M6,IF(AND($N6="VCA",$Q6="LINEAR"),$M6,IF(AND($N6="VCA",$Q6="PREDIAL"),0,0))) -> 76.55 | AM6: =IF(AND($N6="MND",$Q6="EMBOQUE"),$M6,IF(AND($N6="VCA",$Q6="LINEAR"),$M6,IF(AND($N6="VCA",$Q6="PREDIAL"),0,0))) -> 76.55 | AN6: =ROUND(IF(AND($N6="VCA",$M6<>"",$Q6="LINEAR"),$M6/100,IF(AND($N6="MND",$M6>100,$Q6="EMBOQUE"),$M6/100,0)),0) -> 1 | AO6: =IF(AND($N6="MND",$Q6="EMBOQUE"),$AN6*2*2,IF(AND($N6="VCA",$Q6="LINEAR"),$M6*2,IF(AND($N6="VCA",$Q6="PREDIAL"),0,0))) -> 153.1 | AP6: =IFERROR($M6*$AF6*$AG6,0) -> 67.819473 | AQ6: =IFERROR(IF(AND($N6="VCA",$AH6>0),$M6*$AG6*$AH6,0),0) -> 4.97575 | AR6: =IFERROR(IF(AND($N6="VCA",$AJ6>0),($M6*$AG6*$AJ6)-$AI6,0),0) -> 17.823347 | AS6: =IFERROR(IF(AND($N6="VCA",$AP6>0),$AP6-$AI6-$AQ6-$AR6,0),0) -> 44.78175 | AT6: =IFERROR(IF($N6="VCA",INDEX(APOIO_REDES!$A:$W,MATCH($C6&$I6&$H6&$N6&$O6,APOIO_REDES!$W:$W,0),MATCH(AT$5,APOIO_REDES!$5:$5,0)),0)*$AP6,0) -> 0.73789593 | AU6: =IFERROR(IF($N6="VCA",INDEX(APOIO_REDES!$A:$W,MATCH($C6&$I6&$H6&$N6&$O6,APOIO_REDES!$W:$W,0),MATCH(AU$5,APOIO_REDES!$5:$5,0)),0)*$AP6,0) -> 0.58926371 | AV6: =IFERROR(IF($N6="VCA",INDEX(APOIO_REDES!$A:$W,MATCH($C6&$I6&$H6&$N6&$O6,APOIO_REDES!$W:$W,0),MATCH(AV$5,APOIO_REDES!$5:$5,0)),0)*$AP6,0) -> 0.081549471 | AW6: =IFERROR(IF($N6="VCA",INDEX(APOIO_REDES!$A:$W,MATCH($C6&$I6&$H6&$N6&$O6,APOIO_REDES!$W:$W,0),MATCH(AW$5,APOIO_REDES!$5:$5,0)),0)*$AP6,0) -> 46.551811 | AX6: =IFERROR(IF($N6="VCA",INDEX(APOIO_REDES!$A:$W,MATCH($C6&$I6&$H6&$N6&$O6,APOIO_REDES!$W:$W,0),MATCH(AX$5,APOIO_REDES!$5:$5,0)),0)*$AP6,0) -> 6.4426381 | AY6: =IFERROR(IF($N6="VCA",INDEX(APOIO_REDES!$A:$W,MATCH($C6&$I6&$H6&$N6&$O6,APOIO_REDES!$W:$W,0),MATCH(AY$5,APOIO_REDES!$5:$5,0)),0)*$AP6,0) -> 11.785267 | AZ6: =IFERROR(IF($N6="VCA",INDEX(APOIO_REDES!$A:$W,MATCH($C6&$I6&$H6&$N6&$O6,APOIO_REDES!$W:$W,0),MATCH(AZ$5,APOIO_REDES!$5:$5,0)),0)*$AP6,0) -> 1.6310469 | BA6: =IFERROR(IF(AND($N6="VCA",$Q6="LINEAR"),INDEX(APOIO_REDES!$A:$W,MATCH($C6&$I6&$H6&$N6&$O6,APOIO_REDES!$W:$W,0),MATCH(BA$5,APOIO_REDES!$5:$5,0)),IF(AND($N6="MND",$Q6="EMBOQUE"),INDEX(APOIO_REDES!$A:$W,MATCH($C6&$I6&$H6&$N6&$O6,APOIO_REDES!$W:$W,0),MATCH(BA$5,APOIO_REDES!$5:$5,0)),0))*$M6/10,0) -> 6.1697369 | BB6: =IFERROR(IF($N6="VCA",INDEX(APOIO_REDES!$A:$W,MATCH($C6&$I6&$H6&$N6&$O6,APOIO_REDES!$W:$W,0),MATCH(BB$5,APOIO_REDES!$5:$5,0)),0)*($AI6+$AQ6+$AR6),0) -> 22.787065 | BC6: =IFERROR(IF($N6="VCA",INDEX(APOIO_REDES!$A:$W,MATCH($C6&$I6&$H6&$N6&$O6,APOIO_REDES!$W:$W,0),MATCH(BC$5,APOIO_REDES!$5:$5,0)),0)*($AI6+$AQ6+$AR6),0) -> 0.25065724 | BD6: =IF(AND($N6="VCA",$AF6>=1.25,$AF6<1.5),$M6*$AF6*2,0) -> 208.6753 | BE6: =IF(AND($N6="VCA",$AF6>=1.5,$AF6<3),$M6*$AF6*2,0) -> 0 | BF6: =IF(AND($N6="VCA",$AF6>=3),$M6*$AF6*2,0) -> 0 | BG6: =($BB6+$BC6)*$AK6 -> 36.860356 | BH6: =IF(AND($M6<>"",$N6="VCA",$Q6="LINEAR"),($M6*2)/100,IF(AND($M6<>"",$N6="MND",$Q6="EMBOQUE"),($AN6*2)/100,0)) -> 1.531 | BI6: =IF(AND($M6<>"",$N6="VCA",$Q6="LINEAR"),$M6,IF(AND($M6<>"",$N6="MND",$Q6="EMBOQUE"),$AN6*2,0)) -> 76.55 | BJ6: =IF(AND($M6<>"",$N6="VCA",$Q6="LINEAR"),($M6*6.8)/100,IF(AND($M6<>"",$N6="MND",$Q6="EMBOQUE"),($AN6*2*6.8)/100,0)) -> 5.2054 | BK6: =IF(AND($M6<>"",$N6="VCA",$Q6="LINEAR"),($M6*2.5)/50,IF(AND($M6<>"",$N6="MND",$Q6="EMBOQUE"),($AN6*2*2.5)/50,0)) -> 3.8275 | BL6: =K6&J6 -> Zona01REDES | BM6: EQUIPE ZONA 01 | BN6: Rede | BO6: PB01 | BP6: Zona01_PB01_Rede_NÓ1.8 | BQ6: Zona01_PB01_Rede_NÓ2.7 | BR6: 5FD12 | BS6: 203552.49 | BT6: 8239199.1 | BU6: 203492.05 | BV6: 8239246.1 | BW6: -15.908486 | BX6: -47.768858 | BY6: Zona01_PB01_Rede_NÓ1.8
A7: =IF(C7<>"",ROW(A2),"") -> 2 | B7: =HYPERLINK("https://www.google.com/maps/dir/-15.917302,-47.760003/-15.9082709,-47.7691377/data=!4m3!4m2!3e0!5i0") -> https://www.google.com/maps/dir/-15.917302,-47.760003/-15.9082709,-47.7691377/data=!4m3!4m2!3e0!5i0 | C7: TUBO PEAD | D7: PN10 | E7: PE100 | F7: TUBO PEAD | G7: ELETROFUSÃO | H7: 63 | I7: PEAD | J7: REDES | K7: Zona01 | L7: M | M7: =75.07 -> 75.07 | N7: VCA | O7: VIA | P7: REDE | Q7: LINEAR | R7: Zona01_PB01_Rede_TR002 | S7: TERCIÁRIA | T7: A.RED.SSB-D014.V03.T01.002/037 | U7: =RIGHT(T7,7) -> 002/037 | V7: REVISÃO 08 | W7: 45882 | X7: ST BAIRRO RESID VITÓRIA | Z7: S/DEFINIÇÃO | AA7: 1.7 | AB7: TRECHO DE Zona01_PB01_Rede_NÓ2.7 A Zona01_PB01_Rede_DF-33 | AC7: 5.8.44 | AD7: =CONCATENATE($C7,$I7,$H7,$N7,$J7,$K7) -> TUBO PEADPEAD63VCAREDESZona01 | AE7: =IFERROR(INDEX(APOIO_REDES!$A:$W,MATCH($C7&$I7&$H7&$N7&$O7,APOIO_REDES!$W:$W,0),MATCH(AE$5,APOIO_REDES!$5:$5,0)),0) -> 1.2 | AF7: =IFERROR(INDEX(APOIO_REDES!$A:$W,MATCH($C7&$I7&$H7&$N7&$O7,APOIO_REDES!$W:$W,0),MATCH(AF$5,APOIO_REDES!$5:$5,0)),0) -> 1.363 | AG7: =IFERROR(INDEX(APOIO_REDES!$A:$W,MATCH($C7&$I7&$H7&$N7&$O7,APOIO_REDES!$W:$W,0),MATCH(AG$5,APOIO_REDES!$5:$5,0)),0) -> 0.65 | AH7: =IFERROR(INDEX(APOIO_REDES!$A:$W,MATCH($C7&$I7&$H7&$N7&$O7,APOIO_REDES!$W:$W,0),MATCH(AH$5,APOIO_REDES!$5:$5,0)),0) -> 0.1 | AI7: =IFERROR(IF($H7<>"",(((($H7/1000)/2)^2)*PI()*$M7),0),0) -> 0.23401161 | AJ7: =IFERROR(IF(AND($H7<>"",$I7="FoFo",OR($N7="MND",$N7="VCA"),$Q7="LINEAR"),0,IF(AND($H7<>"",$I7="PEAD",$N7="VCA",$Q7="LINEAR"),($H7/1000)+0.3,IF(AND($H7<>"",$I7="PEAD",$N7="MND",$Q7="EMBOQUE"),0,IF(AND($H7<>"",$I7="PVC",$N7="VCA",$Q7="LINEAR"),($H7/1000)+0.2,IF(AND($H7<>"",$I7="PVC",$N7="MND",$Q7="EMBOQUE"),0,IF(AND($H7<>"",$I7="PEAD",$N7="VCA",$Q7="PREDIAL"),0,0)))))),0) -> 0.363 | AK7: =IF(AA7<>"",AA7,0) -> 1.7 | AL7: =IF(AND($N7="MND",$Q7="EMBOQUE"),$M7,IF(AND($N7="VCA",$Q7="LINEAR"),$M7,IF(AND($N7="VCA",$Q7="PREDIAL"),0,0))) -> 75.07 | AM7: =IF(AND($N7="MND",$Q7="EMBOQUE"),$M7,IF(AND($N7="VCA",$Q7="LINEAR"),$M7,IF(AND($N7="VCA",$Q7="PREDIAL"),0,0))) -> 75.07 | AN7: =ROUND(IF(AND($N7="VCA",$M7<>"",$Q7="LINEAR"),$M7/100,IF(AND($N7="MND",$M7>100,$Q7="EMBOQUE"),$M7/100,0)),0) -> 1 | AO7: =IF(AND($N7="MND",$Q7="EMBOQUE"),$AN7*2*2,IF(AND($N7="VCA",$Q7="LINEAR"),$M7*2,IF(AND($N7="VCA",$Q7="PREDIAL"),0,0))) -> 150.14 | AP7: =IFERROR($M7*$AF7*$AG7,0) -> 66.508267 | AQ7: =IFERROR(IF(AND($N7="VCA",$AH7>0),$M7*$AG7*$AH7,0),0) -> 4.87955 | AR7: =IFERROR(IF(AND($N7="VCA",$AJ7>0),($M7*$AG7*$AJ7)-$AI7,0),0) -> 17.478755 | AS7: =IFERROR(IF(AND($N7="VCA",$AP7>0),$AP7-$AI7-$AQ7-$AR7,0),0) -> 43.91595 | AT7: =IFERROR(IF($N7="VCA",INDEX(APOIO_REDES!$A:$W,MATCH($C7&$I7&$H7&$N7&$O7,APOIO_REDES!$W:$W,0),MATCH(AT$5,APOIO_REDES!$5:$5,0)),0)*$AP7,0) -> 0.72362962 | AU7: =IFERROR(IF($N7="VCA",INDEX(APOIO_REDES!$A:$W,MATCH($C7&$I7&$H7&$N7&$O7,APOIO_REDES!$W:$W,0),MATCH(AU$5,APOIO_REDES!$5:$5,0)),0)*$AP7,0) -> 0.57787102 | AV7: =IFERROR(IF($N7="VCA",INDEX(APOIO_REDES!$A:$W,MATCH($C7&$I7&$H7&$N7&$O7,APOIO_REDES!$W:$W,0),MATCH(AV$5,APOIO_REDES!$5:$5,0)),0)*$AP7,0) -> 0.079972813 | AW7: =IFERROR(IF($N7="VCA",INDEX(APOIO_REDES!$A:$W,MATCH($C7&$I7&$H7&$N7&$O7,APOIO_REDES!$W:$W,0),MATCH(AW$5,APOIO_REDES!$5:$5,0)),0)*$AP7,0) -> 45.651789 | AX7: =IFERROR(IF($N7="VCA",INDEX(APOIO_REDES!$A:$W,MATCH($C7&$I7&$H7&$N7&$O7,APOIO_REDES!$W:$W,0),MATCH(AX$5,APOIO_REDES!$5:$5,0)),0)*$AP7,0) -> 6.3180776 | AY7: =IFERROR(IF($N7="VCA",INDEX(APOIO_REDES!$A:$W,MATCH($C7&$I7&$H7&$N7&$O7,APOIO_REDES!$W:$W,0),MATCH(AY$5,APOIO_REDES!$5:$5,0)),0)*$AP7,0) -> 11.557413 | AZ7: =IFERROR(IF($N7="VCA",INDEX(APOIO_REDES!$A:$W,MATCH($C7&$I7&$H7&$N7&$O7,APOIO_REDES!$W:$W,0),MATCH(AZ$5,APOIO_REDES!$5:$5,0)),0)*$AP7,0) -> 1.5995126 | BA7: =IFERROR(IF(AND($N7="VCA",$Q7="LINEAR"),INDEX(APOIO_REDES!$A:$W,MATCH($C7&$I7&$H7&$N7&$O7,APOIO_REDES!$W:$W,0),MATCH(BA$5,APOIO_REDES!$5:$5,0)),IF(AND($N7="MND",$Q7="EMBOQUE"),INDEX(APOIO_REDES!$A:$W,MATCH($C7&$I7&$H7&$N7&$O7,APOIO_REDES!$W:$W,0),MATCH(BA$5,APOIO_REDES!$5:$5,0)),0))*$M7/10,0) -> 6.0504526 | BB7: =IFERROR(IF($N7="VCA",INDEX(APOIO_REDES!$A:$W,MATCH($C7&$I7&$H7&$N7&$O7,APOIO_REDES!$W:$W,0),MATCH(BB$5,APOIO_REDES!$5:$5,0)),0)*($AI7+$AQ7+$AR7),0) -> 22.346505 | BC7: =IFERROR(IF($N7="VCA",INDEX(APOIO_REDES!$A:$W,MATCH($C7&$I7&$H7&$N7&$O7,APOIO_REDES!$W:$W,0),MATCH(BC$5,APOIO_REDES!$5:$5,0)),0)*($AI7+$AQ7+$AR7),0) -> 0.24581109 | BD7: =IF(AND($N7="VCA",$AF7>=1.25,$AF7<1.5),$M7*$AF7*2,0) -> 204.64082 | BE7: =IF(AND($N7="VCA",$AF7>=1.5,$AF7<3),$M7*$AF7*2,0) -> 0 | BF7: =IF(AND($N7="VCA",$AF7>=3),$M7*$AF7*2,0) -> 0 | BG7: =($BB7+$BC7)*$AK7 -> 38.406938 | BH7: =IF(AND($M7<>"",$N7="VCA",$Q7="LINEAR"),($M7*2)/100,IF(AND($M7<>"",$N7="MND",$Q7="EMBOQUE"),($AN7*2)/100,0)) -> 1.5014 | BI7: =IF(AND($M7<>"",$N7="VCA",$Q7="LINEAR"),$M7,IF(AND($M7<>"",$N7="MND",$Q7="EMBOQUE"),$AN7*2,0)) -> 75.07 | BJ7: =IF(AND($M7<>"",$N7="VCA",$Q7="LINEAR"),($M7*6.8)/100,IF(AND($M7<>"",$N7="MND",$Q7="EMBOQUE"),($AN7*2*6.8)/100,0)) -> 5.10476 | BK7: =IF(AND($M7<>"",$N7="VCA",$Q7="LINEAR"),($M7*2.5)/50,IF(AND($M7<>"",$N7="MND",$Q7="EMBOQUE"),($AN7*2*2.5)/50,0)) -> 3.7535 | BL7: =K7&J7 -> Zona01REDES | BM7: EQUIPE ZONA 01 | BN7: Rede | BO7: PB01 | BP7: Zona01_PB01_Rede_NÓ2.7 | BQ7: Zona01_PB01_Rede_DF-33 | BR7: 5FD12 | BS7: 203492.05 | BT7: 8239246.1 | BU7: 203438.2 | BV7: 8239193.8 | BW7: -15.908504 | BX7: -47.769392 | BY7: Zona01_PB01_Rede_NÓ2.7
A8: =IF(C8<>"",ROW(A3),"") -> 3 | B8: =HYPERLINK("https://www.google.com/maps/dir/-15.917302,-47.760003/-15.9087206,-47.7685562/data=!4m3!4m2!3e0!5i0") -> https://www.google.com/maps/dir/-15.917302,-47.760003/-15.9087206,-47.7685562/data=!4m3!4m2!3e0!5i0 | C8: TUBO PEAD | D8: PN10 | E8: PE100 | F8: TUBO PEAD | G8: ELETROFUSÃO | H8: 63 | I8: PEAD | J8: REDES | K8: Zona01 | L8: M | M8: =3.22 -> 3.22 | N8: VCA | O8: VIA | P8: REDE | Q8: LINEAR | R8: Zona01_PB01_Rede_TR003 | S8: TERCIÁRIA | T8: A.RED.SSB-D014.V03.T01.002/037 | U8: =RIGHT(T8,7) -> 002/037 | V8: REVISÃO 08 | W8: 45882 | X8: ST BAIRRO RESID VITÓRIA | Z8: S/DEFINIÇÃO | AA8: 1.6 | AB8: TRECHO DE Zona01_PB01_Rede_NÓ1.9 A Zona01_PB01_Rede_NÓ1.8 | AC8: 5.8.44 | AD8: =CONCATENATE($C8,$I8,$H8,$N8,$J8,$K8) -> TUBO PEADPEAD63VCAREDESZona01 | AE8: =IFERROR(INDEX(APOIO_REDES!$A:$W,MATCH($C8&$I8&$H8&$N8&$O8,APOIO_REDES!$W:$W,0),MATCH(AE$5,APOIO_REDES!$5:$5,0)),0) -> 1.2 | AF8: =IFERROR(INDEX(APOIO_REDES!$A:$W,MATCH($C8&$I8&$H8&$N8&$O8,APOIO_REDES!$W:$W,0),MATCH(AF$5,APOIO_REDES!$5:$5,0)),0) -> 1.363 | AG8: =IFERROR(INDEX(APOIO_REDES!$A:$W,MATCH($C8&$I8&$H8&$N8&$O8,APOIO_REDES!$W:$W,0),MATCH(AG$5,APOIO_REDES!$5:$5,0)),0) -> 0.65 | AH8: =IFERROR(INDEX(APOIO_REDES!$A:$W,MATCH($C8&$I8&$H8&$N8&$O8,APOIO_REDES!$W:$W,0),MATCH(AH$5,APOIO_REDES!$5:$5,0)),0) -> 0.1 | AI8: =IFERROR(IF($H8<>"",(((($H8/1000)/2)^2)*PI()*$M8),0),0) -> 0.01003753 | AJ8: =IFERROR(IF(AND($H8<>"",$I8="FoFo",OR($N8="MND",$N8="VCA"),$Q8="LINEAR"),0,IF(AND($H8<>"",$I8="PEAD",$N8="VCA",$Q8="LINEAR"),($H8/1000)+0.3,IF(AND($H8<>"",$I8="PEAD",$N8="MND",$Q8="EMBOQUE"),0,IF(AND($H8<>"",$I8="PVC",$N8="VCA",$Q8="LINEAR"),($H8/1000)+0.2,IF(AND($H8<>"",$I8="PVC",$N8="MND",$Q8="EMBOQUE"),0,IF(AND($H8<>"",$I8="PEAD",$N8="VCA",$Q8="PREDIAL"),0,0)))))),0) -> 0.363 | AK8: =IF(AA8<>"",AA8,0) -> 1.6 | AL8: =IF(AND($N8="MND",$Q8="EMBOQUE"),$M8,IF(AND($N8="VCA",$Q8="LINEAR"),$M8,IF(AND($N8="VCA",$Q8="PREDIAL"),0,0))) -> 3.22 | AM8: =IF(AND($N8="MND",$Q8="EMBOQUE"),$M8,IF(AND($N8="VCA",$Q8="LINEAR"),$M8,IF(AND($N8="VCA",$Q8="PREDIAL"),0,0))) -> 3.22 | AN8: =ROUND(IF(AND($N8="VCA",$M8<>"",$Q8="LINEAR"),$M8/100,IF(AND($N8="MND",$M8>100,$Q8="EMBOQUE"),$M8/100,0)),0) -> 0 | AO8: =IF(AND($N8="MND",$Q8="EMBOQUE"),$AN8*2*2,IF(AND($N8="VCA",$Q8="LINEAR"),$M8*2,IF(AND($N8="VCA",$Q8="PREDIAL"),0,0))) -> 6.44 | AP8: =IFERROR($M8*$AF8*$AG8,0) -> 2.852759 | AQ8: =IFERROR(IF(AND($N8="VCA",$AH8>0),$M8*$AG8*$AH8,0),0) -> 0.2093 | AR8: =IFERROR(IF(AND($N8="VCA",$AJ8>0),($M8*$AG8*$AJ8)-$AI8,0),0) -> 0.74972147 | AS8: =IFERROR(IF(AND($N8="VCA",$AP8>0),$AP8-$AI8-$AQ8-$AR8,0),0) -> 1.8837 | AT8: =IFERROR(IF($N8="VCA",INDEX(APOIO_REDES!$A:$W,MATCH($C8&$I8&$H8&$N8&$O8,APOIO_REDES!$W:$W,0),MATCH(AT$5,APOIO_REDES!$5:$5,0)),0)*$AP8,0) -> 0.031038862 | AU8: =IFERROR(IF($N8="VCA",INDEX(APOIO_REDES!$A:$W,MATCH($C8&$I8&$H8&$N8&$O8,APOIO_REDES!$W:$W,0),MATCH(AU$5,APOIO_REDES!$5:$5,0)),0)*$AP8,0) -> 0.024786795 | AV8: =IFERROR(IF($N8="VCA",INDEX(APOIO_REDES!$A:$W,MATCH($C8&$I8&$H8&$N8&$O8,APOIO_REDES!$W:$W,0),MATCH(AV$5,APOIO_REDES!$5:$5,0)),0)*$AP8,0) -> 0.0034302978 | AW8: =IFERROR(IF($N8="VCA",INDEX(APOIO_REDES!$A:$W,MATCH($C8&$I8&$H8&$N8&$O8,APOIO_REDES!$W:$W,0),MATCH(AW$5,APOIO_REDES!$5:$5,0)),0)*$AP8,0) -> 1.9581559 | AX8: =IFERROR(IF($N8="VCA",INDEX(APOIO_REDES!$A:$W,MATCH($C8&$I8&$H8&$N8&$O8,APOIO_REDES!$W:$W,0),MATCH(AX$5,APOIO_REDES!$5:$5,0)),0)*$AP8,0) -> 0.2710032 | AY8: =IFERROR(IF($N8="VCA",INDEX(APOIO_REDES!$A:$W,MATCH($C8&$I8&$H8&$N8&$O8,APOIO_REDES!$W:$W,0),MATCH(AY$5,APOIO_REDES!$5:$5,0)),0)*$AP8,0) -> 0.49573559 | AZ8: =IFERROR(IF($N8="VCA",INDEX(APOIO_REDES!$A:$W,MATCH($C8&$I8&$H8&$N8&$O8,APOIO_REDES!$W:$W,0),MATCH(AZ$5,APOIO_REDES!$5:$5,0)),0)*$AP8,0) -> 0.068608373 | BA8: =IFERROR(IF(AND($N8="VCA",$Q8="LINEAR"),INDEX(APOIO_REDES!$A:$W,MATCH($C8&$I8&$H8&$N8&$O8,APOIO_REDES!$W:$W,0),MATCH(BA$5,APOIO_REDES!$5:$5,0)),IF(AND($N8="MND",$Q8="EMBOQUE"),INDEX(APOIO_REDES!$A:$W,MATCH($C8&$I8&$H8&$N8&$O8,APOIO_REDES!$W:$W,0),MATCH(BA$5,APOIO_REDES!$5:$5,0)),0))*$M8/10,0) -> 0.25952388 | BB8: =IFERROR(IF($N8="VCA",INDEX(APOIO_REDES!$A:$W,MATCH($C8&$I8&$H8&$N8&$O8,APOIO_REDES!$W:$W,0),MATCH(BB$5,APOIO_REDES!$5:$5,0)),0)*($AI8+$AQ8+$AR8),0) -> 0.95851535 | BC8: =IFERROR(IF($N8="VCA",INDEX(APOIO_REDES!$A:$W,MATCH($C8&$I8&$H8&$N8&$O8,APOIO_REDES!$W:$W,0),MATCH(BC$5,APOIO_REDES!$5:$5,0)),0)*($AI8+$AQ8+$AR8),0) -> 0.010543649 | BD8: =IF(AND($N8="VCA",$AF8>=1.25,$AF8<1.5),$M8*$AF8*2,0) -> 8.77772 | BE8: =IF(AND($N8="VCA",$AF8>=1.5,$AF8<3),$M8*$AF8*2,0) -> 0 | BF8: =IF(AND($N8="VCA",$AF8>=3),$M8*$AF8*2,0) -> 0 | BG8: =($BB8+$BC8)*$AK8 -> 1.5504944 | BH8: =IF(AND($M8<>"",$N8="VCA",$Q8="LINEAR"),($M8*2)/100,IF(AND($M8<>"",$N8="MND",$Q8="EMBOQUE"),($AN8*2)/100,0)) -> 0.0644 | BI8: =IF(AND($M8<>"",$N8="VCA",$Q8="LINEAR"),$M8,IF(AND($M8<>"",$N8="MND",$Q8="EMBOQUE"),$AN8*2,0)) -> 3.22 | BJ8: =IF(AND($M8<>"",$N8="VCA",$Q8="LINEAR"),($M8*6.8)/100,IF(AND($M8<>"",$N8="MND",$Q8="EMBOQUE"),($AN8*2*6.8)/100,0)) -> 0.21896 | BK8: =IF(AND($M8<>"",$N8="VCA",$Q8="LINEAR"),($M8*2.5)/50,IF(AND($M8<>"",$N8="MND",$Q8="EMBOQUE"),($AN8*2*2.5)/50,0)) -> 0.161 | BL8: =K8&J8 -> Zona01REDES | BM8: EQUIPE ZONA 01 | BN8: Rede | BO8: PB01 | BP8: Zona01_PB01_Rede_NÓ1.9 | BQ8: Zona01_PB01_Rede_NÓ1.8 | BR8: 5FD12 | BS8: 203555.02 | BT8: 8239197.1 | BU8: 203552.49 | BV8: 8239199.1 | BW8: -15.908712 | BX8: -47.768568 | BY8: Zona01_PB01_Rede_NÓ1.9
A9: =IF(C9<>"",ROW(A4),"") -> 4 | B9: =HYPERLINK("https://www.google.com/maps/dir/-15.917302,-47.760003/-15.9088783,-47.7683558/data=!4m3!4m2!3e0!5i0") -> https://www.google.com/maps/dir/-15.917302,-47.760003/-15.9088783,-47.7683558/data=!4m3!4m2!3e0!5i0 | C9: TUBO PEAD | D9: PN10 | E9: PE100 | F9: TUBO PEAD | G9: ELETROFUSÃO | H9: 63 | I9: PEAD | J9: REDES | K9: Zona01 | L9: M | M9: =27.68 -> 27.68 | N9: VCA | O9: VIA | P9: REDE | Q9: LINEAR | R9: Zona01_PB01_Rede_TR004 | S9: TERCIÁRIA | T9: A.RED.SSB-D014.V03.T01.002/037 | U9: =RIGHT(T9,7) -> 002/037 | V9: REVISÃO 08 | W9: 45882 | X9: ST BAIRRO RESID VITÓRIA | Z9: S/DEFINIÇÃO | AA9: 1.6 | AB9: TRECHO DE Zona01_PB01_Rede_NÓ107.2 A Zona01_PB01_Rede_NÓ1.9 | AC9: 5.8.44 | AD9: =CONCATENATE($C9,$I9,$H9,$N9,$J9,$K9) -> TUBO PEADPEAD63VCAREDESZona01 | AE9: =IFERROR(INDEX(APOIO_REDES!$A:$W,MATCH($C9&$I9&$H9&$N9&$O9,APOIO_REDES!$W:$W,0),MATCH(AE$5,APOIO_REDES!$5:$5,0)),0) -> 1.2 | AF9: =IFERROR(INDEX(APOIO_REDES!$A:$W,MATCH($C9&$I9&$H9&$N9&$O9,APOIO_REDES!$W:$W,0),MATCH(AF$5,APOIO_REDES!$5:$5,0)),0) -> 1.363 | AG9: =IFERROR(INDEX(APOIO_REDES!$A:$W,MATCH($C9&$I9&$H9&$N9&$O9,APOIO_REDES!$W:$W,0),MATCH(AG$5,APOIO_REDES!$5:$5,0)),0) -> 0.65 | AH9: =IFERROR(INDEX(APOIO_REDES!$A:$W,MATCH($C9&$I9&$H9&$N9&$O9,APOIO_REDES!$W:$W,0),MATCH(AH$5,APOIO_REDES!$5:$5,0)),0) -> 0.1 | AI9: =IFERROR(IF($H9<>"",(((($H9/1000)/2)^2)*PI()*$M9),0),0) -> 0.08628535 | AJ9: =IFERROR(IF(AND($H9<>"",$I9="FoFo",OR($N9="MND",$N9="VCA"),$Q9="LINEAR"),0,IF(AND($H9<>"",$I9="PEAD",$N9="VCA",$Q9="LINEAR"),($H9/1000)+0.3,IF(AND($H9<>"",$I9="PEAD",$N9="MND",$Q9="EMBOQUE"),0,IF(AND($H9<>"",$I9="PVC",$N9="VCA",$Q9="LINEAR"),($H9/1000)+0.2,IF(AND($H9<>"",$I9="PVC",$N9="MND",$Q9="EMBOQUE"),0,IF(AND($H9<>"",$I9="PEAD",$N9="VCA",$Q9="PREDIAL"),0,0)))))),0) -> 0.363 | AK9: =IF(AA9<>"",AA9,0) -> 1.6 | AL9: =IF(AND($N9="MND",$Q9="EMBOQUE"),$M9,IF(AND($N9="VCA",$Q9="LINEAR"),$M9,IF(AND($N9="VCA",$Q9="PREDIAL"),0,0))) -> 27.68 | AM9: =IF(AND($N9="MND",$Q9="EMBOQUE"),$M9,IF(AND($N9="VCA",$Q9="LINEAR"),$M9,IF(AND($N9="VCA",$Q9="PREDIAL"),0,0))) -> 27.68 | AN9: =ROUND(IF(AND($N9="VCA",$M9<>"",$Q9="LINEAR"),$M9/100,IF(AND($N9="MND",$M9>100,$Q9="EMBOQUE"),$M9/100,0)),0) -> 0 | AO9: =IF(AND($N9="MND",$Q9="EMBOQUE"),$AN9*2*2,IF(AND($N9="VCA",$Q9="LINEAR"),$M9*2,IF(AND($N9="VCA",$Q9="PREDIAL"),0,0))) -> 55.36 | AP9: =IFERROR($M9*$AF9*$AG9,0) -> 24.523096 | AQ9: =IFERROR(IF(AND($N9="VCA",$AH9>0),$M9*$AG9*$AH9,0),0) -> 1.7992 | AR9: =IFERROR(IF(AND($N9="VCA",$AJ9>0),($M9*$AG9*$AJ9)-$AI9,0),0) -> 6.4448106 | AS9: =IFERROR(IF(AND($N9="VCA",$AP9>0),$AP9-$AI9-$AQ9-$AR9,0),0) -> 16.1928 | AT9: =IFERROR(IF($N9="VCA",INDEX(APOIO_REDES!$A:$W,MATCH($C9&$I9&$H9&$N9&$O9,APOIO_REDES!$W:$W,0),MATCH(AT$5,APOIO_REDES!$5:$5,0)),0)*$AP9,0) -> 0.26681854 | AU9: =IFERROR(IF($N9="VCA",INDEX(APOIO_REDES!$A:$W,MATCH($C9&$I9&$H9&$N9&$O9,APOIO_REDES!$W:$W,0),MATCH(AU$5,APOIO_REDES!$5:$5,0)),0)*$AP9,0) -> 0.21307406 | AV9: =IFERROR(IF($N9="VCA",INDEX(APOIO_REDES!$A:$W,MATCH($C9&$I9&$H9&$N9&$O9,APOIO_REDES!$W:$W,0),MATCH(AV$5,APOIO_REDES!$5:$5,0)),0)*$AP9,0) -> 0.029487777 | AW9: =IFERROR(IF($N9="VCA",INDEX(APOIO_REDES!$A:$W,MATCH($C9&$I9&$H9&$N9&$O9,APOIO_REDES!$W:$W,0),MATCH(AW$5,APOIO_REDES!$5:$5,0)),0)*$AP9,0) -> 16.832843 | AX9: =IFERROR(IF($N9="VCA",INDEX(APOIO_REDES!$A:$W,MATCH($C9&$I9&$H9&$N9&$O9,APOIO_REDES!$W:$W,0),MATCH(AX$5,APOIO_REDES!$5:$5,0)),0)*$AP9,0) -> 2.3296175 | AY9: =IFERROR(IF($N9="VCA",INDEX(APOIO_REDES!$A:$W,MATCH($C9&$I9&$H9&$N9&$O9,APOIO_REDES!$W:$W,0),MATCH(AY$5,APOIO_REDES!$5:$5,0)),0)*$AP9,0) -> 4.2614786 | AZ9: =IFERROR(IF($N9="VCA",INDEX(APOIO_REDES!$A:$W,MATCH($C9&$I9&$H9&$N9&$O9,APOIO_REDES!$W:$W,0),MATCH(AZ$5,APOIO_REDES!$5:$5,0)),0)*$AP9,0) -> 0.58977633 | BA9: =IFERROR(IF(AND($N9="VCA",$Q9="LINEAR"),INDEX(APOIO_REDES!$A:$W,MATCH($C9&$I9&$H9&$N9&$O9,APOIO_REDES!$W:$W,0),MATCH(BA$5,APOIO_REDES!$5:$5,0)),IF(AND($N9="MND",$Q9="EMBOQUE"),INDEX(APOIO_REDES!$A:$W,MATCH($C9&$I9&$H9&$N9&$O9,APOIO_REDES!$W:$W,0),MATCH(BA$5,APOIO_REDES!$5:$5,0)),0))*$M9/10,0) -> 2.2309382 | BB9: =IFERROR(IF($N9="VCA",INDEX(APOIO_REDES!$A:$W,MATCH($C9&$I9&$H9&$N9&$O9,APOIO_REDES!$W:$W,0),MATCH(BB$5,APOIO_REDES!$5:$5,0)),0)*($AI9+$AQ9+$AR9),0) -> 8.2396599 | BC9: =IFERROR(IF($N9="VCA",INDEX(APOIO_REDES!$A:$W,MATCH($C9&$I9&$H9&$N9&$O9,APOIO_REDES!$W:$W,0),MATCH(BC$5,APOIO_REDES!$5:$5,0)),0)*($AI9+$AQ9+$AR9),0) -> 0.090636086 | BD9: =IF(AND($N9="VCA",$AF9>=1.25,$AF9<1.5),$M9*$AF9*2,0) -> 75.45568 | BE9: =IF(AND($N9="VCA",$AF9>=1.5,$AF9<3),$M9*$AF9*2,0) -> 0 | BF9: =IF(AND($N9="VCA",$AF9>=3),$M9*$AF9*2,0) -> 0 | BG9: =($BB9+$BC9)*$AK9 -> 13.328474 | BH9: =IF(AND($M9<>"",$N9="VCA",$Q9="LINEAR"),($M9*2)/100,IF(AND($M9<>"",$N9="MND",$Q9="EMBOQUE"),($AN9*2)/100,0)) -> 0.5536 | BI9: =IF(AND($M9<>"",$N9="VCA",$Q9="LINEAR"),$M9,IF(AND($M9<>"",$N9="MND",$Q9="EMBOQUE"),$AN9*2,0)) -> 27.68 | BJ9: =IF(AND($M9<>"",$N9="VCA",$Q9="LINEAR"),($M9*6.8)/100,IF(AND($M9<>"",$N9="MND",$Q9="EMBOQUE"),($AN9*2*6.8)/100,0)) -> 1.88224 | BK9: =IF(AND($M9<>"",$N9="VCA",$Q9="LINEAR"),($M9*2.5)/50,IF(AND($M9<>"",$N9="MND",$Q9="EMBOQUE"),($AN9*2*2.5)/50,0)) -> 1.384 | BL9: =K9&J9 -> Zona01REDES | BM9: EQUIPE ZONA 01 | BN9: Rede | BO9: PB01 | BP9: Zona01_PB01_Rede_NÓ107.2 | BQ9: Zona01_PB01_Rede_NÓ1.9 | BR9: 5FD12 | BS9: 203576.72 | BT9: 8239179.9 | BU9: 203555.02 | BV9: 8239197.1 | BW9: -15.9088 | BX9: -47.768456 | BY9: Zona01_PB01_Rede_NÓ107.2
A10: =IF(C10<>"",ROW(A5),"") -> 5 | B10: =HYPERLINK("https://www.google.com/maps/dir/-15.917302,-47.760003/-15.9087329,-47.7696502/data=!4m3!4m2!3e0!5i0") -> https://www.google.com/maps/dir/-15.917302,-47.760003/-15.9087329,-47.7696502/data=!4m3!4m2!3e0!5i0 | C10: TUBO PEAD | D10: PN10 | E10: PE100 | F10: TUBO PEAD | G10: ELETROFUSÃO | H10: 63 | I10: PEAD | J10: REDES | K10: Zona01 | L10: M | M10: =50.68 -> 50.68 | N10: VCA | O10: VIA | P10: REDE | Q10: LINEAR | R10: Zona01_PB01_Rede_TR005 | S10: TERCIÁRIA | T10: A.RED.SSB-D014.V03.T01.002/037 | U10: =RIGHT(T10,7) -> 002/037 | V10: REVISÃO 08 | W10: 45882 | X10: ST BAIRRO RESID VITÓRIA | Z10: S/DEFINIÇÃO | AA10: 1.8 | AB10: TRECHO DE Zona01_PB01_Rede_DF-33 A Zona01_PB01_Rede_NÓ1.5 | AC10: 5.8.44 | AD10: =CONCATENATE($C10,$I10,$H10,$N10,$J10,$K10) -> TUBO PEADPEAD63VCAREDESZona01 | AE10: =IFERROR(INDEX(APOIO_REDES!$A:$W,MATCH($C10&$I10&$H10&$N10&$O10,APOIO_REDES!$W:$W,0),MATCH(AE$5,APOIO_REDES!$5:$5,0)),0) -> 1.2 | AF10: =IFERROR(INDEX(APOIO_REDES!$A:$W,MATCH($C10&$I10&$H10&$N10&$O10,APOIO_REDES!$W:$W,0),MATCH(AF$5,APOIO_REDES!$5:$5,0)),0) -> 1.363 | AG10: =IFERROR(INDEX(APOIO_REDES!$A:$W,MATCH($C10&$I10&$H10&$N10&$O10,APOIO_REDES!$W:$W,0),MATCH(AG$5,APOIO_REDES!$5:$5,0)),0) -> 0.65 | AH10: =IFERROR(INDEX(APOIO_REDES!$A:$W,MATCH($C10&$I10&$H10&$N10&$O10,APOIO_REDES!$W:$W,0),MATCH(AH$5,APOIO_REDES!$5:$5,0)),0) -> 0.1 | AI10: =IFERROR(IF($H10<>"",(((($H10/1000)/2)^2)*PI()*$M10),0),0) -> 0.15798199 | AJ10: =IFERROR(IF(AND($H10<>"",$I10="FoFo",OR($N10="MND",$N10="VCA"),$Q10="LINEAR"),0,IF(AND($H10<>"",$I10="PEAD",$N10="VCA",$Q10="LINEAR"),($H10/1000)+0.3,IF(AND($H10<>"",$I10="PEAD",$N10="MND",$Q10="EMBOQUE"),0,IF(AND($H10<>"",$I10="PVC",$N10="VCA",$Q10="LINEAR"),($H10/1000)+0.2,IF(AND($H10<>"",$I10="PVC",$N10="MND",$Q10="EMBOQUE"),0,IF(AND($H10<>"",$I10="PEAD",$N10="VCA",$Q10="PREDIAL"),0,0)))))),0) -> 0.363 | AK10: =IF(AA10<>"",AA10,0) -> 1.8 | AL10: =IF(AND($N10="MND",$Q10="EMBOQUE"),$M10,IF(AND($N10="VCA",$Q10="LINEAR"),$M10,IF(AND($N10="VCA",$Q10="PREDIAL"),0,0))) -> 50.68 | AM10: =IF(AND($N10="MND",$Q10="EMBOQUE"),$M10,IF(AND($N10="VCA",$Q10="LINEAR"),$M10,IF(AND($N10="VCA",$Q10="PREDIAL"),0,0))) -> 50.68 | AN10: =ROUND(IF(AND($N10="VCA",$M10<>"",$Q10="LINEAR"),$M10/100,IF(AND($N10="MND",$M10>100,$Q10="EMBOQUE"),$M10/100,0)),0) -> 1 | AO10: =IF(AND($N10="MND",$Q10="EMBOQUE"),$AN10*2*2,IF(AND($N10="VCA",$Q10="LINEAR"),$M10*2,IF(AND($N10="VCA",$Q10="PREDIAL"),0,0))) -> 101.36 | AP10: =IFERROR($M10*$AF10*$AG10,0) -> 44.899946 | AQ10: =IFERROR(IF(AND($N10="VCA",$AH10>0),$M10*$AG10*$AH10,0),0) -> 3.2942 | AR10: =IFERROR(IF(AND($N10="VCA",$AJ10>0),($M10*$AG10*$AJ10)-$AI10,0),0) -> 11.799964 | AS10: =IFERROR(IF(AND($N10="VCA",$AP10>0),$AP10-$AI10-$AQ10-$AR10,0),0) -> 29.6478 | AT10: =IFERROR(IF($N10="VCA",INDEX(APOIO_REDES!$A:$W,MATCH($C10&$I10&$H10&$N10&$O10,APOIO_REDES!$W:$W,0),MATCH(AT$5,APOIO_REDES!$5:$5,0)),0)*$AP10,0) -> 0.4885247 | AU10: =IFERROR(IF($N10="VCA",INDEX(APOIO_REDES!$A:$W,MATCH($C10&$I10&$H10&$N10&$O10,APOIO_REDES!$W:$W,0),MATCH(AU$5,APOIO_REDES!$5:$5,0)),0)*$AP10,0) -> 0.3901226 | AV10: =IFERROR(IF($N10="VCA",INDEX(APOIO_REDES!$A:$W,MATCH($C10&$I10&$H10&$N10&$O10,APOIO_REDES!$W:$W,0),MATCH(AV$5,APOIO_REDES!$5:$5,0)),0)*$AP10,0) -> 0.053989905 | AW10: =IFERROR(IF($N10="VCA",INDEX(APOIO_REDES!$A:$W,MATCH($C10&$I10&$H10&$N10&$O10,APOIO_REDES!$W:$W,0),MATCH(AW$5,APOIO_REDES!$5:$5,0)),0)*$AP10,0) -> 30.819671 | AX10: =IFERROR(IF($N10="VCA",INDEX(APOIO_REDES!$A:$W,MATCH($C10&$I10&$H10&$N10&$O10,APOIO_REDES!$W:$W,0),MATCH(AX$5,APOIO_REDES!$5:$5,0)),0)*$AP10,0) -> 4.2653547 | AY10: =IFERROR(IF($N10="VCA",INDEX(APOIO_REDES!$A:$W,MATCH($C10&$I10&$H10&$N10&$O10,APOIO_REDES!$W:$W,0),MATCH(AY$5,APOIO_REDES!$5:$5,0)),0)*$AP10,0) -> 7.8024472 | AZ10: =IFERROR(IF($N10="VCA",INDEX(APOIO_REDES!$A:$W,MATCH($C10&$I10&$H10&$N10&$O10,APOIO_REDES!$W:$W,0),MATCH(AZ$5,APOIO_REDES!$5:$5,0)),0)*$AP10,0) -> 1.0798361 | BA10: =IFERROR(IF(AND($N10="VCA",$Q10="LINEAR"),INDEX(APOIO_REDES!$A:$W,MATCH($C10&$I10&$H10&$N10&$O10,APOIO_REDES!$W:$W,0),MATCH(BA$5,APOIO_REDES!$5:$5,0)),IF(AND($N10="MND",$Q10="EMBOQUE"),INDEX(APOIO_REDES!$A:$W,MATCH($C10&$I10&$H10&$N10&$O10,APOIO_REDES!$W:$W,0),MATCH(BA$5,APOIO_REDES!$5:$5,0)),0))*$M10/10,0) -> 4.0846802 | BB10: =IFERROR(IF($N10="VCA",INDEX(APOIO_REDES!$A:$W,MATCH($C10&$I10&$H10&$N10&$O10,APOIO_REDES!$W:$W,0),MATCH(BB$5,APOIO_REDES!$5:$5,0)),0)*($AI10+$AQ10+$AR10),0) -> 15.086198 | BC10: =IFERROR(IF($N10="VCA",INDEX(APOIO_REDES!$A:$W,MATCH($C10&$I10&$H10&$N10&$O10,APOIO_REDES!$W:$W,0),MATCH(BC$5,APOIO_REDES!$5:$5,0)),0)*($AI10+$AQ10+$AR10),0) -> 0.16594786 | BD10: =IF(AND($N10="VCA",$AF10>=1.25,$AF10<1.5),$M10*$AF10*2,0) -> 138.15368 | BE10: =IF(AND($N10="VCA",$AF10>=1.5,$AF10<3),$M10*$AF10*2,0) -> 0 | BF10: =IF(AND($N10="VCA",$AF10>=3),$M10*$AF10*2,0) -> 0 | BG10: =($BB10+$BC10)*$AK10 -> 27.453863 | BH10: =IF(AND($M10<>"",$N10="VCA",$Q10="LINEAR"),($M10*2)/100,IF(AND($M10<>"",$N10="MND",$Q10="EMBOQUE"),($AN10*2)/100,0)) -> 1.0136 | BI10: =IF(AND($M10<>"",$N10="VCA",$Q10="LINEAR"),$M10,IF(AND($M10<>"",$N10="MND",$Q10="EMBOQUE"),$AN10*2,0)) -> 50.68 | BJ10: =IF(AND($M10<>"",$N10="VCA",$Q10="LINEAR"),($M10*6.8)/100,IF(AND($M10<>"",$N10="MND",$Q10="EMBOQUE"),($AN10*2*6.8)/100,0)) -> 3.44624 | BK10: =IF(AND($M10<>"",$N10="VCA",$Q10="LINEAR"),($M10*2.5)/50,IF(AND($M10<>"",$N10="MND",$Q10="EMBOQUE"),($AN10*2*2.5)/50,0)) -> 2.534 | BL10: =K10&J10 -> Zona01REDES | BM10: EQUIPE ZONA 01 | BN10: Rede | BO10: PB01 | BP10: Zona01_PB01_Rede_DF-33 | BQ10: Zona01_PB01_Rede_NÓ1.5 | BR10: 5FD12 | BS10: 203438.2 | BT10: 8239193.8 | BU10: 203404.08 | BV10: 8239156.7 | BW10: -15.908912 | BX10: -47.769796 | BY10: Zona01_PB01_Rede_DF-33
A11: =IF(C11<>"",ROW(A6),"") -> 6 | B11: =HYPERLINK("https://www.google.com/maps/dir/-15.917302,-47.760003/-15.9087023,-47.7685795/data=!4m3!4m2!3e0!5i0") -> https://www.google.com/maps/dir/-15.917302,-47.760003/-15.9087023,-47.7685795/data=!4m3!4m2!3e0!5i0 | C11: TUBO PEAD | D11: PN10 | E11: PE100 | F11: TUBO PEAD | G11: ELETROFUSÃO | H11: 63 | I11: PEAD | J11: REDES | K11: Zona01 | L11: M | M11: =106.08+0.01 -> 106.09 | N11: VCA | O11: VIA | P11: REDE | Q11: LINEAR | R11: Zona01_PB01_Rede_TR006 | S11: TERCIÁRIA | T11: A.RED.SSB-D014.V03.T01.002/037 | U11: =RIGHT(T11,7) -> 002/037 | V11: REVISÃO 08 | W11: 45882 | X11: ST BAIRRO RESID VITÓRIA | Z11: S/DEFINIÇÃO | AA11: 1.6 | AB11: TRECHO DE Zona01_PB01_Rede_NÓ1.8 A Zona01_PB01_Rede_NÓ1.7; INCLUI 0,01 M DE TUBO DESENHADO NO PRÓPRIO NÓ (NÓ1.8: anel de ponta/toco) | AC11: 5.8.44 | AD11: =CONCATENATE($C11,$I11,$H11,$N11,$J11,$K11) -> TUBO PEADPEAD63VCAREDESZona01 | AE11: =IFERROR(INDEX(APOIO_REDES!$A:$W,MATCH($C11&$I11&$H11&$N11&$O11,APOIO_REDES!$W:$W,0),MATCH(AE$5,APOIO_REDES!$5:$5,0)),0) -> 1.2 | AF11: =IFERROR(INDEX(APOIO_REDES!$A:$W,MATCH($C11&$I11&$H11&$N11&$O11,APOIO_REDES!$W:$W,0),MATCH(AF$5,APOIO_REDES!$5:$5,0)),0) -> 1.363 | AG11: =IFERROR(INDEX(APOIO_REDES!$A:$W,MATCH($C11&$I11&$H11&$N11&$O11,APOIO_REDES!$W:$W,0),MATCH(AG$5,APOIO_REDES!$5:$5,0)),0) -> 0.65 | AH11: =IFERROR(INDEX(APOIO_REDES!$A:$W,MATCH($C11&$I11&$H11&$N11&$O11,APOIO_REDES!$W:$W,0),MATCH(AH$5,APOIO_REDES!$5:$5,0)),0) -> 0.1 | AI11: =IFERROR(IF($H11<>"",(((($H11/1000)/2)^2)*PI()*$M11),0),0) -> 0.33070855 | AJ11: =IFERROR(IF(AND($H11<>"",$I11="FoFo",OR($N11="MND",$N11="VCA"),$Q11="LINEAR"),0,IF(AND($H11<>"",$I11="PEAD",$N11="VCA",$Q11="LINEAR"),($H11/1000)+0.3,IF(AND($H11<>"",$I11="PEAD",$N11="MND",$Q11="EMBOQUE"),0,IF(AND($H11<>"",$I11="PVC",$N11="VCA",$Q11="LINEAR"),($H11/1000)+0.2,IF(AND($H11<>"",$I11="PVC",$N11="MND",$Q11="EMBOQUE"),0,IF(AND($H11<>"",$I11="PEAD",$N11="VCA",$Q11="PREDIAL"),0,0)))))),0) -> 0.363 | AK11: =IF(AA11<>"",AA11,0) -> 1.6 | AL11: =IF(AND($N11="MND",$Q11="EMBOQUE"),$M11,IF(AND($N11="VCA",$Q11="LINEAR"),$M11,IF(AND($N11="VCA",$Q11="PREDIAL"),0,0))) -> 106.09 | AM11: =IF(AND($N11="MND",$Q11="EMBOQUE"),$M11,IF(AND($N11="VCA",$Q11="LINEAR"),$M11,IF(AND($N11="VCA",$Q11="PREDIAL"),0,0))) -> 106.09 | AN11: =ROUND(IF(AND($N11="VCA",$M11<>"",$Q11="LINEAR"),$M11/100,IF(AND($N11="MND",$M11>100,$Q11="EMBOQUE"),$M11/100,0)),0) -> 1 | AO11: =IF(AND($N11="MND",$Q11="EMBOQUE"),$AN11*2*2,IF(AND($N11="VCA",$Q11="LINEAR"),$M11*2,IF(AND($N11="VCA",$Q11="PREDIAL"),0,0))) -> 212.18 | AP11: =IFERROR($M11*$AF11*$AG11,0) -> 93.990436 | AQ11: =IFERROR(IF(AND($N11="VCA",$AH11>0),$M11*$AG11*$AH11,0),0) -> 6.89585 | AR11: =IFERROR(IF(AND($N11="VCA",$AJ11>0),($M11*$AG11*$AJ11)-$AI11,0),0) -> 24.701227 | AS11: =IFERROR(IF(AND($N11="VCA",$AP11>0),$AP11-$AI11-$AQ11-$AR11,0),0) -> 62.06265 | AT11: =IFERROR(IF($N11="VCA",INDEX(APOIO_REDES!$A:$W,MATCH($C11&$I11&$H11&$N11&$O11,APOIO_REDES!$W:$W,0),MATCH(AT$5,APOIO_REDES!$5:$5,0)),0)*$AP11,0) -> 1.0226438 | AU11: =IFERROR(IF($N11="VCA",INDEX(APOIO_REDES!$A:$W,MATCH($C11&$I11&$H11&$N11&$O11,APOIO_REDES!$W:$W,0),MATCH(AU$5,APOIO_REDES!$5:$5,0)),0)*$AP11,0) -> 0.81665561 | AV11: =IFERROR(IF($N11="VCA",INDEX(APOIO_REDES!$A:$W,MATCH($C11&$I11&$H11&$N11&$O11,APOIO_REDES!$W:$W,0),MATCH(AV$5,APOIO_REDES!$5:$5,0)),0)*$AP11,0) -> 0.11301873 | AW11: =IFERROR(IF($N11="VCA",INDEX(APOIO_REDES!$A:$W,MATCH($C11&$I11&$H11&$N11&$O11,APOIO_REDES!$W:$W,0),MATCH(AW$5,APOIO_REDES!$5:$5,0)),0)*$AP11,0) -> 64.515763 | AX11: =IFERROR(IF($N11="VCA",INDEX(APOIO_REDES!$A:$W,MATCH($C11&$I11&$H11&$N11&$O11,APOIO_REDES!$W:$W,0),MATCH(AX$5,APOIO_REDES!$5:$5,0)),0)*$AP11,0) -> 8.9287979 | AY11: =IFERROR(IF($N11="VCA",INDEX(APOIO_REDES!$A:$W,MATCH($C11&$I11&$H11&$N11&$O11,APOIO_REDES!$W:$W,0),MATCH(AY$5,APOIO_REDES!$5:$5,0)),0)*$AP11,0) -> 16.333102 | AZ11: =IFERROR(IF($N11="VCA",INDEX(APOIO_REDES!$A:$W,MATCH($C11&$I11&$H11&$N11&$O11,APOIO_REDES!$W:$W,0),MATCH(AZ$5,APOIO_REDES!$5:$5,0)),0)*$AP11,0) -> 2.2604541 | BA11: =IFERROR(IF(AND($N11="VCA",$Q11="LINEAR"),INDEX(APOIO_REDES!$A:$W,MATCH($C11&$I11&$H11&$N11&$O11,APOIO_REDES!$W:$W,0),MATCH(BA$5,APOIO_REDES!$5:$5,0)),IF(AND($N11="MND",$Q11="EMBOQUE"),INDEX(APOIO_REDES!$A:$W,MATCH($C11&$I11&$H11&$N11&$O11,APOIO_REDES!$W:$W,0),MATCH(BA$5,APOIO_REDES!$5:$5,0)),0))*$M11/10,0) -> 8.5505864 | BB11: =IFERROR(IF($N11="VCA",INDEX(APOIO_REDES!$A:$W,MATCH($C11&$I11&$H11&$N11&$O11,APOIO_REDES!$W:$W,0),MATCH(BB$5,APOIO_REDES!$5:$5,0)),0)*($AI11+$AQ11+$AR11),0) -> 31.580402 | BC11: =IFERROR(IF($N11="VCA",INDEX(APOIO_REDES!$A:$W,MATCH($C11&$I11&$H11&$N11&$O11,APOIO_REDES!$W:$W,0),MATCH(BC$5,APOIO_REDES!$5:$5,0)),0)*($AI11+$AQ11+$AR11),0) -> 0.34738376 | BD11: =IF(AND($N11="VCA",$AF11>=1.25,$AF11<1.5),$M11*$AF11*2,0) -> 289.20134 | BE11: =IF(AND($N11="VCA",$AF11>=1.5,$AF11<3),$M11*$AF11*2,0) -> 0 | BF11: =IF(AND($N11="VCA",$AF11>=3),$M11*$AF11*2,0) -> 0 | BG11: =($BB11+$BC11)*$AK11 -> 51.084457 | BH11: =IF(AND($M11<>"",$N11="VCA",$Q11="LINEAR"),($M11*2)/100,IF(AND($M11<>"",$N11="MND",$Q11="EMBOQUE"),($AN11*2)/100,0)) -> 2.1218 | BI11: =IF(AND($M11<>"",$N11="VCA",$Q11="LINEAR"),$M11,IF(AND($M11<>"",$N11="MND",$Q11="EMBOQUE"),$AN11*2,0)) -> 106.09 | BJ11: =IF(AND($M11<>"",$N11="VCA",$Q11="LINEAR"),($M11*6.8)/100,IF(AND($M11<>"",$N11="MND",$Q11="EMBOQUE"),($AN11*2*6.8)/100,0)) -> 7.21412 | BK11: =IF(AND($M11<>"",$N11="VCA",$Q11="LINEAR"),($M11*2.5)/50,IF(AND($M11<>"",$N11="MND",$Q11="EMBOQUE"),($AN11*2*2.5)/50,0)) -> 5.3045 | BL11: =K11&J11 -> Zona01REDES | BM11: EQUIPE ZONA 01 | BN11: Rede | BO11: PB01 | BP11: Zona01_PB01_Rede_NÓ1.8 | BQ11: Zona01_PB01_Rede_NÓ1.7 | BR11: B4DF, B4E2 | BS11: 203552.49 | BT11: 8239199.1 | BU11: 203483.76 | BV11: 8239118.4 | BW11: -15.909063 | BX11: -47.768904 | BY11: Zona01_PB01_Rede_NÓ1.8
A12: =IF(C12<>"",ROW(A7),"") -> 7 | B12: =HYPERLINK("https://www.google.com/maps/dir/-15.917302,-47.760003/-15.9096325,-47.7693914/data=!4m3!4m2!3e0!5i0") -> https://www.google.com/maps/dir/-15.917302,-47.760003/-15.9096325,-47.7693914/data=!4m3!4m2!3e0!5i0 | C12: TUBO PEAD | D12: PN10 | E12: PE100 | F12: TUBO PEAD | G12: ELETROFUSÃO | H12: 63 | I12: PEAD | J12: REDES | K12: Zona01 | L12: M | M12: =135.24+0.06 -> 135.3 | N12: VCA | O12: VIA | P12: REDE | Q12: LINEAR | R12: Zona01_PB01_Rede_TR007 | S12: TERCIÁRIA | T12: A.RED.SSB-D014.V03.T01.002/037 | U12: =RIGHT(T12,7) -> 002/037 | V12: REVISÃO 08 | W12: 45882 | X12: ST BAIRRO RESID VITÓRIA | Z12: S/DEFINIÇÃO | AA12: 1.8 | AB12: TRECHO DE Zona01_PB01_Rede_NÓ63.1 A Zona01_PB01_Rede_NÓ1.9; INCLUI 0,06 M DE TUBO DESENHADO NO PRÓPRIO NÓ (NÓ1.9, NÓ63.1: anel de ponta/toco) | AC12: 5.8.44 | AD12: =CONCATENATE($C12,$I12,$H12,$N12,$J12,$K12) -> TUBO PEADPEAD63VCAREDESZona01 | AE12: =IFERROR(INDEX(APOIO_REDES!$A:$W,MATCH($C12&$I12&$H12&$N12&$O12,APOIO_REDES!$W:$W,0),MATCH(AE$5,APOIO_REDES!$5:$5,0)),0) -> 1.2 | AF12: =IFERROR(INDEX(APOIO_REDES!$A:$W,MATCH($C12&$I12&$H12&$N12&$O12,APOIO_REDES!$W:$W,0),MATCH(AF$5,APOIO_REDES!$5:$5,0)),0) -> 1.363 | AG12: =IFERROR(INDEX(APOIO_REDES!$A:$W,MATCH($C12&$I12&$H12&$N12&$O12,APOIO_REDES!$W:$W,0),MATCH(AG$5,APOIO_REDES!$5:$5,0)),0) -> 0.65 | AH12: =IFERROR(INDEX(APOIO_REDES!$A:$W,MATCH($C12&$I12&$H12&$N12&$O12,APOIO_REDES!$W:$W,0),MATCH(AH$5,APOIO_REDES!$5:$5,0)),0) -> 0.1 | AI12: =IFERROR(IF($H12<>"",(((($H12/1000)/2)^2)*PI()*$M12),0),0) -> 0.42176329 | AJ12: =IFERROR(IF(AND($H12<>"",$I12="FoFo",OR($N12="MND",$N12="VCA"),$Q12="LINEAR"),0,IF(AND($H12<>"",$I12="PEAD",$N12="VCA",$Q12="LINEAR"),($H12/1000)+0.3,IF(AND($H12<>"",$I12="PEAD",$N12="MND",$Q12="EMBOQUE"),0,IF(AND($H12<>"",$I12="PVC",$N12="VCA",$Q12="LINEAR"),($H12/1000)+0.2,IF(AND($H12<>"",$I12="PVC",$N12="MND",$Q12="EMBOQUE"),0,IF(AND($H12<>"",$I12="PEAD",$N12="VCA",$Q12="PREDIAL"),0,0)))))),0) -> 0.363 | AK12: =IF(AA12<>"",AA12,0) -> 1.8 | AL12: =IF(AND($N12="MND",$Q12="EMBOQUE"),$M12,IF(AND($N12="VCA",$Q12="LINEAR"),$M12,IF(AND($N12="VCA",$Q12="PREDIAL"),0,0))) -> 135.3 | AM12: =IF(AND($N12="MND",$Q12="EMBOQUE"),$M12,IF(AND($N12="VCA",$Q12="LINEAR"),$M12,IF(AND($N12="VCA",$Q12="PREDIAL"),0,0))) -> 135.3 | AN12: =ROUND(IF(AND($N12="VCA",$M12<>"",$Q12="LINEAR"),$M12/100,IF(AND($N12="MND",$M12>100,$Q12="EMBOQUE"),$M12/100,0)),0) -> 1 | AO12: =IF(AND($N12="MND",$Q12="EMBOQUE"),$AN12*2*2,IF(AND($N12="VCA",$Q12="LINEAR"),$M12*2,IF(AND($N12="VCA",$Q12="PREDIAL"),0,0))) -> 270.6 | AP12: =IFERROR($M12*$AF12*$AG12,0) -> 119.86903 | AQ12: =IFERROR(IF(AND($N12="VCA",$AH12>0),$M12*$AG12*$AH12,0),0) -> 8.7945 | AR12: =IFERROR(IF(AND($N12="VCA",$AJ12>0),($M12*$AG12*$AJ12)-$AI12,0),0) -> 31.502272 | AS12: =IFERROR(IF(AND($N12="VCA",$AP12>0),$AP12-$AI12-$AQ12-$AR12,0),0) -> 79.1505 | AT12: =IFERROR(IF($N12="VCA",INDEX(APOIO_REDES!$A:$W,MATCH($C12&$I12&$H12&$N12&$O12,APOIO_REDES!$W:$W,0),MATCH(AT$5,APOIO_REDES!$5:$5,0)),0)*$AP12,0) -> 1.3042106 | AU12: =IFERROR(IF($N12="VCA",INDEX(APOIO_REDES!$A:$W,MATCH($C12&$I12&$H12&$N12&$O12,APOIO_REDES!$W:$W,0),MATCH(AU$5,APOIO_REDES!$5:$5,0)),0)*$AP12,0) -> 1.0415072 | AV12: =IFERROR(IF($N12="VCA",INDEX(APOIO_REDES!$A:$W,MATCH($C12&$I12&$H12&$N12&$O12,APOIO_REDES!$W:$W,0),MATCH(AV$5,APOIO_REDES!$5:$5,0)),0)*$AP12,0) -> 0.14413643 | AW12: =IFERROR(IF($N12="VCA",INDEX(APOIO_REDES!$A:$W,MATCH($C12&$I12&$H12&$N12&$O12,APOIO_REDES!$W:$W,0),MATCH(AW$5,APOIO_REDES!$5:$5,0)),0)*$AP12,0) -> 82.279034 | AX12: =IFERROR(IF($N12="VCA",INDEX(APOIO_REDES!$A:$W,MATCH($C12&$I12&$H12&$N12&$O12,APOIO_REDES!$W:$W,0),MATCH(AX$5,APOIO_REDES!$5:$5,0)),0)*$AP12,0) -> 11.387184 | AY12: =IFERROR(IF($N12="VCA",INDEX(APOIO_REDES!$A:$W,MATCH($C12&$I12&$H12&$N12&$O12,APOIO_REDES!$W:$W,0),MATCH(AY$5,APOIO_REDES!$5:$5,0)),0)*$AP12,0) -> 20.830132 | AZ12: =IFERROR(IF($N12="VCA",INDEX(APOIO_REDES!$A:$W,MATCH($C12&$I12&$H12&$N12&$O12,APOIO_REDES!$W:$W,0),MATCH(AZ$5,APOIO_REDES!$5:$5,0)),0)*$AP12,0) -> 2.8828301 | BA12: =IFERROR(IF(AND($N12="VCA",$Q12="LINEAR"),INDEX(APOIO_REDES!$A:$W,MATCH($C12&$I12&$H12&$N12&$O12,APOIO_REDES!$W:$W,0),MATCH(BA$5,APOIO_REDES!$5:$5,0)),IF(AND($N12="MND",$Q12="EMBOQUE"),INDEX(APOIO_REDES!$A:$W,MATCH($C12&$I12&$H12&$N12&$O12,APOIO_REDES!$W:$W,0),MATCH(BA$5,APOIO_REDES!$5:$5,0)),0))*$M12/10,0) -> 10.904839 | BB12: =IFERROR(IF($N12="VCA",INDEX(APOIO_REDES!$A:$W,MATCH($C12&$I12&$H12&$N12&$O12,APOIO_REDES!$W:$W,0),MATCH(BB$5,APOIO_REDES!$5:$5,0)),0)*($AI12+$AQ12+$AR12),0) -> 40.275505 | BC12: =IFERROR(IF($N12="VCA",INDEX(APOIO_REDES!$A:$W,MATCH($C12&$I12&$H12&$N12&$O12,APOIO_REDES!$W:$W,0),MATCH(BC$5,APOIO_REDES!$5:$5,0)),0)*($AI12+$AQ12+$AR12),0) -> 0.44302971 | BD12: =IF(AND($N12="VCA",$AF12>=1.25,$AF12<1.5),$M12*$AF12*2,0) -> 368.8278 | BE12: =IF(AND($N12="VCA",$AF12>=1.5,$AF12<3),$M12*$AF12*2,0) -> 0 | BF12: =IF(AND($N12="VCA",$AF12>=3),$M12*$AF12*2,0) -> 0 | BG12: =($BB12+$BC12)*$AK12 -> 73.293363 | BH12: =IF(AND($M12<>"",$N12="VCA",$Q12="LINEAR"),($M12*2)/100,IF(AND($M12<>"",$N12="MND",$Q12="EMBOQUE"),($AN12*2)/100,0)) -> 2.706 | BI12: =IF(AND($M12<>"",$N12="VCA",$Q12="LINEAR"),$M12,IF(AND($M12<>"",$N12="MND",$Q12="EMBOQUE"),$AN12*2,0)) -> 135.3 | BJ12: =IF(AND($M12<>"",$N12="VCA",$Q12="LINEAR"),($M12*6.8)/100,IF(AND($M12<>"",$N12="MND",$Q12="EMBOQUE"),($AN12*2*6.8)/100,0)) -> 9.2004 | BK12: =IF(AND($M12<>"",$N12="VCA",$Q12="LINEAR"),($M12*2.5)/50,IF(AND($M12<>"",$N12="MND",$Q12="EMBOQUE"),($AN12*2*2.5)/50,0)) -> 6.765 | BL12: =K12&J12 -> Zona01REDES | BM12: EQUIPE ZONA 01 | BN12: Rede | BO12: PB01 | BP12: Zona01_PB01_Rede_NÓ63.1 | BQ12: Zona01_PB01_Rede_NÓ1.9 | BR12: B4E5, B4E8 | BS12: 203466.64 | BT12: 8239095.2 | BU12: 203555.02 | BV12: 8239197.1 | BW12: -15.909181 | BX12: -47.768968 | BY12: Zona01_PB01_Rede_NÓ63.1
A13: =IF(C13<>"",ROW(A8),"") -> 8 | B13: =HYPERLINK("https://www.google.com/maps/dir/-15.917302,-47.760003/-15.9090675,-47.7699696/data=!4m3!4m2!3e0!5i0") -> https://www.google.com/maps/dir/-15.917302,-47.760003/-15.9090675,-47.7699696/data=!4m3!4m2!3e0!5i0 | C13: TUBO PEAD | D13: PN10 | E13: PE100 | F13: TUBO PEAD | G13: ELETROFUSÃO | H13: 63 | I13: PEAD | J13: REDES | K13: Zona01 | L13: M | M13: =44.52 -> 44.52 | N13: VCA | O13: VIA | P13: REDE | Q13: LINEAR | R13: Zona01_PB01_Rede_TR008 | S13: TERCIÁRIA | T13: A.RED.SSB-D014.V03.T01.002/037 | U13: =RIGHT(T13,7) -> 002/037 | V13: REVISÃO 08 | W13: 45882 | X13: ST BAIRRO RESID VITÓRIA | Z13: S/DEFINIÇÃO | AA13: 1.8 | AB13: TRECHO DE Zona01_PB01_Rede_NÓ1.5 A Zona01_PB01_Rede_NÓ1.3 | AC13: 5.8.44 | AD13: =CONCATENATE($C13,$I13,$H13,$N13,$J13,$K13) -> TUBO PEADPEAD63VCAREDESZona01 | AE13: =IFERROR(INDEX(APOIO_REDES!$A:$W,MATCH($C13&$I13&$H13&$N13&$O13,APOIO_REDES!$W:$W,0),MATCH(AE$5,APOIO_REDES!$5:$5,0)),0) -> 1.2 | AF13: =IFERROR(INDEX(APOIO_REDES!$A:$W,MATCH($C13&$I13&$H13&$N13&$O13,APOIO_REDES!$W:$W,0),MATCH(AF$5,APOIO_REDES!$5:$5,0)),0) -> 1.363 | AG13: =IFERROR(INDEX(APOIO_REDES!$A:$W,MATCH($C13&$I13&$H13&$N13&$O13,APOIO_REDES!$W:$W,0),MATCH(AG$5,APOIO_REDES!$5:$5,0)),0) -> 0.65 | AH13: =IFERROR(INDEX(APOIO_REDES!$A:$W,MATCH($C13&$I13&$H13&$N13&$O13,APOIO_REDES!$W:$W,0),MATCH(AH$5,APOIO_REDES!$5:$5,0)),0) -> 0.1 | AI13: =IFERROR(IF($H13<>"",(((($H13/1000)/2)^2)*PI()*$M13),0),0) -> 0.13877976 | AJ13: =IFERROR(IF(AND($H13<>"",$I13="FoFo",OR($N13="MND",$N13="VCA"),$Q13="LINEAR"),0,IF(AND($H13<>"",$I13="PEAD",$N13="VCA",$Q13="LINEAR"),($H13/1000)+0.3,IF(AND($H13<>"",$I13="PEAD",$N13="MND",$Q13="EMBOQUE"),0,IF(AND($H13<>"",$I13="PVC",$N13="VCA",$Q13="LINEAR"),($H13/1000)+0.2,IF(AND($H13<>"",$I13="PVC",$N13="MND",$Q13="EMBOQUE"),0,IF(AND($H13<>"",$I13="PEAD",$N13="VCA",$Q13="PREDIAL"),0,0)))))),0) -> 0.363 | AK13: =IF(AA13<>"",AA13,0) -> 1.8 | AL13: =IF(AND($N13="MND",$Q13="EMBOQUE"),$M13,IF(AND($N13="VCA",$Q13="LINEAR"),$M13,IF(AND($N13="VCA",$Q13="PREDIAL"),0,0))) -> 44.52 | AM13: =IF(AND($N13="MND",$Q13="EMBOQUE"),$M13,IF(AND($N13="VCA",$Q13="LINEAR"),$M13,IF(AND($N13="VCA",$Q13="PREDIAL"),0,0))) -> 44.52 | AN13: =ROUND(IF(AND($N13="VCA",$M13<>"",$Q13="LINEAR"),$M13/100,IF(AND($N13="MND",$M13>100,$Q13="EMBOQUE"),$M13/100,0)),0) -> 0 | AO13: =IF(AND($N13="MND",$Q13="EMBOQUE"),$AN13*2*2,IF(AND($N13="VCA",$Q13="LINEAR"),$M13*2,IF(AND($N13="VCA",$Q13="PREDIAL"),0,0))) -> 89.04 | AP13: =IFERROR($M13*$AF13*$AG13,0) -> 39.442494 | AQ13: =IFERROR(IF(AND($N13="VCA",$AH13>0),$M13*$AG13*$AH13,0),0) -> 2.8938 | AR13: =IFERROR(IF(AND($N13="VCA",$AJ13>0),($M13*$AG13*$AJ13)-$AI13,0),0) -> 10.365714 | AS13: =IFERROR(IF(AND($N13="VCA",$AP13>0),$AP13-$AI13-$AQ13-$AR13,0),0) -> 26.0442 | AT13: =IFERROR(IF($N13="VCA",INDEX(APOIO_REDES!$A:$W,MATCH($C13&$I13&$H13&$N13&$O13,APOIO_REDES!$W:$W,0),MATCH(AT$5,APOIO_REDES!$5:$5,0)),0)*$AP13,0) -> 0.42914601 | AU13: =IFERROR(IF($N13="VCA",INDEX(APOIO_REDES!$A:$W,MATCH($C13&$I13&$H13&$N13&$O13,APOIO_REDES!$W:$W,0),MATCH(AU$5,APOIO_REDES!$5:$5,0)),0)*$AP13,0) -> 0.34270438 | AV13: =IFERROR(IF($N13="VCA",INDEX(APOIO_REDES!$A:$W,MATCH($C13&$I13&$H13&$N13&$O13,APOIO_REDES!$W:$W,0),MATCH(AV$5,APOIO_REDES!$5:$5,0)),0)*$AP13,0) -> 0.047427596 | AW13: =IFERROR(IF($N13="VCA",INDEX(APOIO_REDES!$A:$W,MATCH($C13&$I13&$H13&$N13&$O13,APOIO_REDES!$W:$W,0),MATCH(AW$5,APOIO_REDES!$5:$5,0)),0)*$AP13,0) -> 27.073633 | AX13: =IFERROR(IF($N13="VCA",INDEX(APOIO_REDES!$A:$W,MATCH($C13&$I13&$H13&$N13&$O13,APOIO_REDES!$W:$W,0),MATCH(AX$5,APOIO_REDES!$5:$5,0)),0)*$AP13,0) -> 3.7469138 | AY13: =IFERROR(IF($N13="VCA",INDEX(APOIO_REDES!$A:$W,MATCH($C13&$I13&$H13&$N13&$O13,APOIO_REDES!$W:$W,0),MATCH(AY$5,APOIO_REDES!$5:$5,0)),0)*$AP13,0) -> 6.8540834 | AZ13: =IFERROR(IF($N13="VCA",INDEX(APOIO_REDES!$A:$W,MATCH($C13&$I13&$H13&$N13&$O13,APOIO_REDES!$W:$W,0),MATCH(AZ$5,APOIO_REDES!$5:$5,0)),0)*$AP13,0) -> 0.94858534 | BA13: =IFERROR(IF(AND($N13="VCA",$Q13="LINEAR"),INDEX(APOIO_REDES!$A:$W,MATCH($C13&$I13&$H13&$N13&$O13,APOIO_REDES!$W:$W,0),MATCH(BA$5,APOIO_REDES!$5:$5,0)),IF(AND($N13="MND",$Q13="EMBOQUE"),INDEX(APOIO_REDES!$A:$W,MATCH($C13&$I13&$H13&$N13&$O13,APOIO_REDES!$W:$W,0),MATCH(BA$5,APOIO_REDES!$5:$5,0)),0))*$M13/10,0) -> 3.5881997 | BB13: =IFERROR(IF($N13="VCA",INDEX(APOIO_REDES!$A:$W,MATCH($C13&$I13&$H13&$N13&$O13,APOIO_REDES!$W:$W,0),MATCH(BB$5,APOIO_REDES!$5:$5,0)),0)*($AI13+$AQ13+$AR13),0) -> 13.252517 | BC13: =IFERROR(IF($N13="VCA",INDEX(APOIO_REDES!$A:$W,MATCH($C13&$I13&$H13&$N13&$O13,APOIO_REDES!$W:$W,0),MATCH(BC$5,APOIO_REDES!$5:$5,0)),0)*($AI13+$AQ13+$AR13),0) -> 0.1457774 | BD13: =IF(AND($N13="VCA",$AF13>=1.25,$AF13<1.5),$M13*$AF13*2,0) -> 121.36152 | BE13: =IF(AND($N13="VCA",$AF13>=1.5,$AF13<3),$M13*$AF13*2,0) -> 0 | BF13: =IF(AND($N13="VCA",$AF13>=3),$M13*$AF13*2,0) -> 0 | BG13: =($BB13+$BC13)*$AK13 -> 24.116929 | BH13: =IF(AND($M13<>"",$N13="VCA",$Q13="LINEAR"),($M13*2)/100,IF(AND($M13<>"",$N13="MND",$Q13="EMBOQUE"),($AN13*2)/100,0)) -> 0.8904 | BI13: =IF(AND($M13<>"",$N13="VCA",$Q13="LINEAR"),$M13,IF(AND($M13<>"",$N13="MND",$Q13="EMBOQUE"),$AN13*2,0)) -> 44.52 | BJ13: =IF(AND($M13<>"",$N13="VCA",$Q13="LINEAR"),($M13*6.8)/100,IF(AND($M13<>"",$N13="MND",$Q13="EMBOQUE"),($AN13*2*6.8)/100,0)) -> 3.02736 | BK13: =IF(AND($M13<>"",$N13="VCA",$Q13="LINEAR"),($M13*2.5)/50,IF(AND($M13<>"",$N13="MND",$Q13="EMBOQUE"),($AN13*2*2.5)/50,0)) -> 2.226 | BL13: =K13&J13 -> Zona01REDES | BM13: EQUIPE ZONA 01 | BN13: Rede | BO13: PB01 | BP13: Zona01_PB01_Rede_NÓ1.5 | BQ13: Zona01_PB01_Rede_NÓ1.3 | BR13: 5FD12 | BS13: 203404.08 | BT13: 8239156.7 | BU13: 203372.3 | BV13: 8239125.5 | BW13: -15.909206 | BX13: -47.77012 | BY13: Zona01_PB01_Rede_NÓ1.5
A14: =IF(C14<>"",ROW(A9),"") -> 9 | B14: =HYPERLINK("https://www.google.com/maps/dir/-15.917302,-47.760003/-15.9094223,-47.7692309/data=!4m3!4m2!3e0!5i1") -> https://www.google.com/maps/dir/-15.917302,-47.760003/-15.9094223,-47.7692309/data=!4m3!4m2!3e0!5i1 | C14: TUBO PEAD | D14: PN10 | E14: PE100 | F14: TUBO PEAD | G14: ELETROFUSÃO | H14: 63 | I14: PEAD | J14: REDES | K14: Zona01 | L14: M | M14: =56.42+3.98 -> 60.4 | N14: VCA | O14: VIA | P14: REDE | Q14: LINEAR | R14: Zona01_PB01_Rede_TR009 | S14: TERCIÁRIA | T14: A.RED.SSB-D014.V03.T01.002/037 | U14: =RIGHT(T14,7) -> 002/037 | V14: REVISÃO 08 | W14: 45882 | X14: ST BAIRRO RESID VITÓRIA | Z14: S/DEFINIÇÃO | AA14: 1.8 | AB14: TRECHO DE Zona01_PB01_Rede_NÓ1.7 A Zona01_PB01_Rede_NÓ54.1; INCLUI 3,98 M DE TUBO DESENHADO NO PRÓPRIO NÓ (NÓ54.1: anel de ponta/toco) | AC14: 5.8.44 | AD14: =CONCATENATE($C14,$I14,$H14,$N14,$J14,$K14) -> TUBO PEADPEAD63VCAREDESZona01 | AE14: =IFERROR(INDEX(APOIO_REDES!$A:$W,MATCH($C14&$I14&$H14&$N14&$O14,APOIO_REDES!$W:$W,0),MATCH(AE$5,APOIO_REDES!$5:$5,0)),0) -> 1.2 | AF14: =IFERROR(INDEX(APOIO_REDES!$A:$W,MATCH($C14&$I14&$H14&$N14&$O14,APOIO_REDES!$W:$W,0),MATCH(AF$5,APOIO_REDES!$5:$5,0)),0) -> 1.363 | AG14: =IFERROR(INDEX(APOIO_REDES!$A:$W,MATCH($C14&$I14&$H14&$N14&$O14,APOIO_REDES!$W:$W,0),MATCH(AG$5,APOIO_REDES!$5:$5,0)),0) -> 0.65 | AH14: =IFERROR(INDEX(APOIO_REDES!$A:$W,MATCH($C14&$I14&$H14&$N14&$O14,APOIO_REDES!$W:$W,0),MATCH(AH$5,APOIO_REDES!$5:$5,0)),0) -> 0.1 | AI14: =IFERROR(IF($H14<>"",(((($H14/1000)/2)^2)*PI()*$M14),0),0) -> 0.18828162 | AJ14: =IFERROR(IF(AND($H14<>"",$I14="FoFo",OR($N14="MND",$N14="VCA"),$Q14="LINEAR"),0,IF(AND($H14<>"",$I14="PEAD",$N14="VCA",$Q14="LINEAR"),($H14/1000)+0.3,IF(AND($H14<>"",$I14="PEAD",$N14="MND",$Q14="EMBOQUE"),0,IF(AND($H14<>"",$I14="PVC",$N14="VCA",$Q14="LINEAR"),($H14/1000)+0.2,IF(AND($H14<>"",$I14="PVC",$N14="MND",$Q14="EMBOQUE"),0,IF(AND($H14<>"",$I14="PEAD",$N14="VCA",$Q14="PREDIAL"),0,0)))))),0) -> 0.363 | AK14: =IF(AA14<>"",AA14,0) -> 1.8 | AL14: =IF(AND($N14="MND",$Q14="EMBOQUE"),$M14,IF(AND($N14="VCA",$Q14="LINEAR"),$M14,IF(AND($N14="VCA",$Q14="PREDIAL"),0,0))) -> 60.4 | AM14: =IF(AND($N14="MND",$Q14="EMBOQUE"),$M14,IF(AND($N14="VCA",$Q14="LINEAR"),$M14,IF(AND($N14="VCA",$Q14="PREDIAL"),0,0))) -> 60.4 | AN14: =ROUND(IF(AND($N14="VCA",$M14<>"",$Q14="LINEAR"),$M14/100,IF(AND($N14="MND",$M14>100,$Q14="EMBOQUE"),$M14/100,0)),0) -> 1 | AO14: =IF(AND($N14="MND",$Q14="EMBOQUE"),$AN14*2*2,IF(AND($N14="VCA",$Q14="LINEAR"),$M14*2,IF(AND($N14="VCA",$Q14="PREDIAL"),0,0))) -> 120.8 | AP14: =IFERROR($M14*$AF14*$AG14,0) -> 53.51138 | AQ14: =IFERROR(IF(AND($N14="VCA",$AH14>0),$M14*$AG14*$AH14,0),0) -> 3.926 | AR14: =IFERROR(IF(AND($N14="VCA",$AJ14>0),($M14*$AG14*$AJ14)-$AI14,0),0) -> 14.063098 | AS14: =IFERROR(IF(AND($N14="VCA",$AP14>0),$AP14-$AI14-$AQ14-$AR14,0),0) -> 35.334 | AT14: =IFERROR(IF($N14="VCA",INDEX(APOIO_REDES!$A:$W,MATCH($C14&$I14&$H14&$N14&$O14,APOIO_REDES!$W:$W,0),MATCH(AT$5,APOIO_REDES!$5:$5,0)),0)*$AP14,0) -> 0.58221965 | AU14: =IFERROR(IF($N14="VCA",INDEX(APOIO_REDES!$A:$W,MATCH($C14&$I14&$H14&$N14&$O14,APOIO_REDES!$W:$W,0),MATCH(AU$5,APOIO_REDES!$5:$5,0)),0)*$AP14,0) -> 0.46494485 | AV14: =IFERROR(IF($N14="VCA",INDEX(APOIO_REDES!$A:$W,MATCH($C14&$I14&$H14&$N14&$O14,APOIO_REDES!$W:$W,0),MATCH(AV$5,APOIO_REDES!$5:$5,0)),0)*$AP14,0) -> 0.064344717 | AW14: =IFERROR(IF($N14="VCA",INDEX(APOIO_REDES!$A:$W,MATCH($C14&$I14&$H14&$N14&$O14,APOIO_REDES!$W:$W,0),MATCH(AW$5,APOIO_REDES!$5:$5,0)),0)*$AP14,0) -> 36.730626 | AX14: =IFERROR(IF($N14="VCA",INDEX(APOIO_REDES!$A:$W,MATCH($C14&$I14&$H14&$N14&$O14,APOIO_REDES!$W:$W,0),MATCH(AX$5,APOIO_REDES!$5:$5,0)),0)*$AP14,0) -> 5.083414 | AY14: =IFERROR(IF($N14="VCA",INDEX(APOIO_REDES!$A:$W,MATCH($C14&$I14&$H14&$N14&$O14,APOIO_REDES!$W:$W,0),MATCH(AY$5,APOIO_REDES!$5:$5,0)),0)*$AP14,0) -> 9.2988913 | AZ14: =IFERROR(IF($N14="VCA",INDEX(APOIO_REDES!$A:$W,MATCH($C14&$I14&$H14&$N14&$O14,APOIO_REDES!$W:$W,0),MATCH(AZ$5,APOIO_REDES!$5:$5,0)),0)*$AP14,0) -> 1.2869397 | BA14: =IFERROR(IF(AND($N14="VCA",$Q14="LINEAR"),INDEX(APOIO_REDES!$A:$W,MATCH($C14&$I14&$H14&$N14&$O14,APOIO_REDES!$W:$W,0),MATCH(BA$5,APOIO_REDES!$5:$5,0)),IF(AND($N14="MND",$Q14="EMBOQUE"),INDEX(APOIO_REDES!$A:$W,MATCH($C14&$I14&$H14&$N14&$O14,APOIO_REDES!$W:$W,0),MATCH(BA$5,APOIO_REDES!$5:$5,0)),0))*$M14/10,0) -> 4.8680876 | BB14: =IFERROR(IF($N14="VCA",INDEX(APOIO_REDES!$A:$W,MATCH($C14&$I14&$H14&$N14&$O14,APOIO_REDES!$W:$W,0),MATCH(BB$5,APOIO_REDES!$5:$5,0)),0)*($AI14+$AQ14+$AR14),0) -> 17.979605 | BC14: =IFERROR(IF($N14="VCA",INDEX(APOIO_REDES!$A:$W,MATCH($C14&$I14&$H14&$N14&$O14,APOIO_REDES!$W:$W,0),MATCH(BC$5,APOIO_REDES!$5:$5,0)),0)*($AI14+$AQ14+$AR14),0) -> 0.19777527 | BD14: =IF(AND($N14="VCA",$AF14>=1.25,$AF14<1.5),$M14*$AF14*2,0) -> 164.6504 | BE14: =IF(AND($N14="VCA",$AF14>=1.5,$AF14<3),$M14*$AF14*2,0) -> 0 | BF14: =IF(AND($N14="VCA",$AF14>=3),$M14*$AF14*2,0) -> 0 | BG14: =($BB14+$BC14)*$AK14 -> 32.719284 | BH14: =IF(AND($M14<>"",$N14="VCA",$Q14="LINEAR"),($M14*2)/100,IF(AND($M14<>"",$N14="MND",$Q14="EMBOQUE"),($AN14*2)/100,0)) -> 1.208 | BI14: =IF(AND($M14<>"",$N14="VCA",$Q14="LINEAR"),$M14,IF(AND($M14<>"",$N14="MND",$Q14="EMBOQUE"),$AN14*2,0)) -> 60.4 | BJ14: =IF(AND($M14<>"",$N14="VCA",$Q14="LINEAR"),($M14*6.8)/100,IF(AND($M14<>"",$N14="MND",$Q14="EMBOQUE"),($AN14*2*6.8)/100,0)) -> 4.1072 | BK14: =IF(AND($M14<>"",$N14="VCA",$Q14="LINEAR"),($M14*2.5)/50,IF(AND($M14<>"",$N14="MND",$Q14="EMBOQUE"),($AN14*2*2.5)/50,0)) -> 3.02 | BL14: =K14&J14 -> Zona01REDES | BM14: EQUIPE ZONA 01 | BN14: Rede | BO14: PB01 | BP14: Zona01_PB01_Rede_NÓ1.7 | BQ14: Zona01_PB01_Rede_NÓ54.1 | BR14: 2C3A6, 3D38A | BS14: 203483.76 | BT14: 8239118.4 | BU14: 203475.44 | BV14: 8239161.2 | BW14: -15.909256 | BX14: -47.76942 | BY14: Zona01_PB01_Rede_NÓ1.7
A15: =IF(C15<>"",ROW(A10),"") -> 10 | B15: =HYPERLINK("https://www.google.com/maps/dir/-15.917302,-47.760003/-15.9098010,-47.7673501/data=!4m3!4m2!3e0!5i0") -> https://www.google.com/maps/dir/-15.917302,-47.760003/-15.9098010,-47.7673501/data=!4m3!4m2!3e0!5i0 | C15: TUBO PEAD | D15: PN10 | E15: PE100 | F15: TUBO PEAD | G15: ELETROFUSÃO | H15: 110 | I15: PEAD | J15: REDES | K15: Zona01 | L15: M | M15: =150.31 -> 150.31 | N15: VCA | O15: VIA | P15: REDE | Q15: LINEAR | R15: Zona01_PB01_Rede_TR010 | S15: SECUNDÁRIA | T15: A.RED.SSB-D014.V03.T01.002/037 | U15: =RIGHT(T15,7) -> 002/037 | V15: REVISÃO 08 | W15: 45882 | X15: ST MORRO DA CRUZ | Z15: S/DEFINIÇÃO | AA15: 1.5 | AB15: TRECHO DE Zona01_PB01_Rede_NÓ59.1 A Zona01_PB01_Rede_NÓ107.2 | AC15: 5.8.36 | AD15: =CONCATENATE($C15,$I15,$H15,$N15,$J15,$K15) -> TUBO PEADPEAD110VCAREDESZona01 | AE15: =IFERROR(INDEX(APOIO_REDES!$A:$W,MATCH($C15&$I15&$H15&$N15&$O15,APOIO_REDES!$W:$W,0),MATCH(AE$5,APOIO_REDES!$5:$5,0)),0) -> 1.2 | AF15: =IFERROR(INDEX(APOIO_REDES!$A:$W,MATCH($C15&$I15&$H15&$N15&$O15,APOIO_REDES!$W:$W,0),MATCH(AF$5,APOIO_REDES!$5:$5,0)),0) -> 1.41 | AG15: =IFERROR(INDEX(APOIO_REDES!$A:$W,MATCH($C15&$I15&$H15&$N15&$O15,APOIO_REDES!$W:$W,0),MATCH(AG$5,APOIO_REDES!$5:$5,0)),0) -> 0.75 | AH15: =IFERROR(INDEX(APOIO_REDES!$A:$W,MATCH($C15&$I15&$H15&$N15&$O15,APOIO_REDES!$W:$W,0),MATCH(AH$5,APOIO_REDES!$5:$5,0)),0) -> 0.1 | AI15: =IFERROR(IF($H15<>"",(((($H15/1000)/2)^2)*PI()*$M15),0),0) -> 1.4284437 | AJ15: =IFERROR(IF(AND($H15<>"",$I15="FoFo",OR($N15="MND",$N15="VCA"),$Q15="LINEAR"),0,IF(AND($H15<>"",$I15="PEAD",$N15="VCA",$Q15="LINEAR"),($H15/1000)+0.3,IF(AND($H15<>"",$I15="PEAD",$N15="MND",$Q15="EMBOQUE"),0,IF(AND($H15<>"",$I15="PVC",$N15="VCA",$Q15="LINEAR"),($H15/1000)+0.2,IF(AND($H15<>"",$I15="PVC",$N15="MND",$Q15="EMBOQUE"),0,IF(AND($H15<>"",$I15="PEAD",$N15="VCA",$Q15="PREDIAL"),0,0)))))),0) -> 0.41 | AK15: =IF(AA15<>"",AA15,0) -> 1.5 | AL15: =IF(AND($N15="MND",$Q15="EMBOQUE"),$M15,IF(AND($N15="VCA",$Q15="LINEAR"),$M15,IF(AND($N15="VCA",$Q15="PREDIAL"),0,0))) -> 150.31 | AM15: =IF(AND($N15="MND",$Q15="EMBOQUE"),$M15,IF(AND($N15="VCA",$Q15="LINEAR"),$M15,IF(AND($N15="VCA",$Q15="PREDIAL"),0,0))) -> 150.31 | AN15: =ROUND(IF(AND($N15="VCA",$M15<>"",$Q15="LINEAR"),$M15/100,IF(AND($N15="MND",$M15>100,$Q15="EMBOQUE"),$M15/100,0)),0) -> 2 | AO15: =IF(AND($N15="MND",$Q15="EMBOQUE"),$AN15*2*2,IF(AND($N15="VCA",$Q15="LINEAR"),$M15*2,IF(AND($N15="VCA",$Q15="PREDIAL"),0,0))) -> 300.62 | AP15: =IFERROR($M15*$AF15*$AG15,0) -> 158.95282 | AQ15: =IFERROR(IF(AND($N15="VCA",$AH15>0),$M15*$AG15*$AH15,0),0) -> 11.27325 | AR15: =IFERROR(IF(AND($N15="VCA",$AJ15>0),($M15*$AG15*$AJ15)-$AI15,0),0) -> 44.791881 | AS15: =IFERROR(IF(AND($N15="VCA",$AP15>0),$AP15-$AI15-$AQ15-$AR15,0),0) -> 101.45925 | AT15: =IFERROR(IF($N15="VCA",INDEX(APOIO_REDES!$A:$W,MATCH($C15&$I15&$H15&$N15&$O15,APOIO_REDES!$W:$W,0),MATCH(AT$5,APOIO_REDES!$5:$5,0)),0)*$AP15,0) -> 1.7294538 | AU15: =IFERROR(IF($N15="VCA",INDEX(APOIO_REDES!$A:$W,MATCH($C15&$I15&$H15&$N15&$O15,APOIO_REDES!$W:$W,0),MATCH(AU$5,APOIO_REDES!$5:$5,0)),0)*$AP15,0) -> 1.381095 | AV15: =IFERROR(IF($N15="VCA",INDEX(APOIO_REDES!$A:$W,MATCH($C15&$I15&$H15&$N15&$O15,APOIO_REDES!$W:$W,0),MATCH(AV$5,APOIO_REDES!$5:$5,0)),0)*$AP15,0) -> 0.1911327 | AW15: =IFERROR(IF($N15="VCA",INDEX(APOIO_REDES!$A:$W,MATCH($C15&$I15&$H15&$N15&$O15,APOIO_REDES!$W:$W,0),MATCH(AW$5,APOIO_REDES!$5:$5,0)),0)*$AP15,0) -> 109.10645 | AX15: =IFERROR(IF($N15="VCA",INDEX(APOIO_REDES!$A:$W,MATCH($C15&$I15&$H15&$N15&$O15,APOIO_REDES!$W:$W,0),MATCH(AX$5,APOIO_REDES!$5:$5,0)),0)*$AP15,0) -> 15.100022 | AY15: =IFERROR(IF($N15="VCA",INDEX(APOIO_REDES!$A:$W,MATCH($C15&$I15&$H15&$N15&$O15,APOIO_REDES!$W:$W,0),MATCH(AY$5,APOIO_REDES!$5:$5,0)),0)*$AP15,0) -> 27.621882 | AZ15: =IFERROR(IF($N15="VCA",INDEX(APOIO_REDES!$A:$W,MATCH($C15&$I15&$H15&$N15&$O15,APOIO_REDES!$W:$W,0),MATCH(AZ$5,APOIO_REDES!$5:$5,0)),0)*$AP15,0) -> 3.8227887 | BA15: =IFERROR(IF(AND($N15="VCA",$Q15="LINEAR"),INDEX(APOIO_REDES!$A:$W,MATCH($C15&$I15&$H15&$N15&$O15,APOIO_REDES!$W:$W,0),MATCH(BA$5,APOIO_REDES!$5:$5,0)),IF(AND($N15="MND",$Q15="EMBOQUE"),INDEX(APOIO_REDES!$A:$W,MATCH($C15&$I15&$H15&$N15&$O15,APOIO_REDES!$W:$W,0),MATCH(BA$5,APOIO_REDES!$5:$5,0)),0))*$M15/10,0) -> 12.114607 | BB15: =IFERROR(IF($N15="VCA",INDEX(APOIO_REDES!$A:$W,MATCH($C15&$I15&$H15&$N15&$O15,APOIO_REDES!$W:$W,0),MATCH(BB$5,APOIO_REDES!$5:$5,0)),0)*($AI15+$AQ15+$AR15),0) -> 56.868028 | BC15: =IFERROR(IF($N15="VCA",INDEX(APOIO_REDES!$A:$W,MATCH($C15&$I15&$H15&$N15&$O15,APOIO_REDES!$W:$W,0),MATCH(BC$5,APOIO_REDES!$5:$5,0)),0)*($AI15+$AQ15+$AR15),0) -> 0.62554711 | BD15: =IF(AND($N15="VCA",$AF15>=1.25,$AF15<1.5),$M15*$AF15*2,0) -> 423.8742 | BE15: =IF(AND($N15="VCA",$AF15>=1.5,$AF15<3),$M15*$AF15*2,0) -> 0 | BF15: =IF(AND($N15="VCA",$AF15>=3),$M15*$AF15*2,0) -> 0 | BG15: =($BB15+$BC15)*$AK15 -> 86.240363 | BH15: =IF(AND($M15<>"",$N15="VCA",$Q15="LINEAR"),($M15*2)/100,IF(AND($M15<>"",$N15="MND",$Q15="EMBOQUE"),($AN15*2)/100,0)) -> 3.0062 | BI15: =IF(AND($M15<>"",$N15="VCA",$Q15="LINEAR"),$M15,IF(AND($M15<>"",$N15="MND",$Q15="EMBOQUE"),$AN15*2,0)) -> 150.31 | BJ15: =IF(AND($M15<>"",$N15="VCA",$Q15="LINEAR"),($M15*6.8)/100,IF(AND($M15<>"",$N15="MND",$Q15="EMBOQUE"),($AN15*2*6.8)/100,0)) -> 10.22108 | BK15: =IF(AND($M15<>"",$N15="VCA",$Q15="LINEAR"),($M15*2.5)/50,IF(AND($M15<>"",$N15="MND",$Q15="EMBOQUE"),($AN15*2*2.5)/50,0)) -> 7.5155 | BL15: =K15&J15 -> Zona01REDES | BM15: EQUIPE ZONA 01 | BN15: Rede | BO15: PB01 | BP15: Zona01_PB01_Rede_NÓ59.1 | BQ15: Zona01_PB01_Rede_NÓ107.2 | BR15: 2EFEE, 2EFFB | BS15: 203685.84 | BT15: 8239079.2 | BU15: 203576.72 | BV15: 8239179.9 | BW15: -15.909304 | BX15: -47.767809 | BY15: Zona01_PB01_Rede_NÓ59.1
A16: =IF(C16<>"",ROW(A11),"") -> 11 | B16: =HYPERLINK("https://www.google.com/maps/dir/-15.917302,-47.760003/-15.9093691,-47.7702957/data=!4m3!4m2!3e0!5i0") -> https://www.google.com/maps/dir/-15.917302,-47.760003/-15.9093691,-47.7702957/data=!4m3!4m2!3e0!5i0 | C16: TUBO PEAD | D16: PN10 | E16: PE100 | F16: TUBO PEAD | G16: ELETROFUSÃO | H16: 63 | I16: PEAD | J16: REDES | K16: Zona01 | L16: M | M16: =8.04 -> 8.04 | N16: VCA | O16: VIA | P16: REDE | Q16: LINEAR | R16: Zona01_PB01_Rede_TR011 | S16: TERCIÁRIA | T16: A.RED.SSB-D014.V03.T01.002/037 | U16: =RIGHT(T16,7) -> 002/037 | V16: REVISÃO 08 | W16: 45882 | X16: ST BAIRRO RESID VITÓRIA | Z16: S/DEFINIÇÃO | AA16: 1.9 | AB16: TRECHO DE Zona01_PB01_Rede_NÓ2.6 A Zona01_PB01_Rede_NÓ2.5 | AC16: 5.8.44 | AD16: =CONCATENATE($C16,$I16,$H16,$N16,$J16,$K16) -> TUBO PEADPEAD63VCAREDESZona01 | AE16: =IFERROR(INDEX(APOIO_REDES!$A:$W,MATCH($C16&$I16&$H16&$N16&$O16,APOIO_REDES!$W:$W,0),MATCH(AE$5,APOIO_REDES!$5:$5,0)),0) -> 1.2 | AF16: =IFERROR(INDEX(APOIO_REDES!$A:$W,MATCH($C16&$I16&$H16&$N16&$O16,APOIO_REDES!$W:$W,0),MATCH(AF$5,APOIO_REDES!$5:$5,0)),0) -> 1.363 | AG16: =IFERROR(INDEX(APOIO_REDES!$A:$W,MATCH($C16&$I16&$H16&$N16&$O16,APOIO_REDES!$W:$W,0),MATCH(AG$5,APOIO_REDES!$5:$5,0)),0) -> 0.65 | AH16: =IFERROR(INDEX(APOIO_REDES!$A:$W,MATCH($C16&$I16&$H16&$N16&$O16,APOIO_REDES!$W:$W,0),MATCH(AH$5,APOIO_REDES!$5:$5,0)),0) -> 0.1 | AI16: =IFERROR(IF($H16<>"",(((($H16/1000)/2)^2)*PI()*$M16),0),0) -> 0.025062652 | AJ16: =IFERROR(IF(AND($H16<>"",$I16="FoFo",OR($N16="MND",$N16="VCA"),$Q16="LINEAR"),0,IF(AND($H16<>"",$I16="PEAD",$N16="VCA",$Q16="LINEAR"),($H16/1000)+0.3,IF(AND($H16<>"",$I16="PEAD",$N16="MND",$Q16="EMBOQUE"),0,IF(AND($H16<>"",$I16="PVC",$N16="VCA",$Q16="LINEAR"),($H16/1000)+0.2,IF(AND($H16<>"",$I16="PVC",$N16="MND",$Q16="EMBOQUE"),0,IF(AND($H16<>"",$I16="PEAD",$N16="VCA",$Q16="PREDIAL"),0,0)))))),0) -> 0.363 | AK16: =IF(AA16<>"",AA16,0) -> 1.9 | AL16: =IF(AND($N16="MND",$Q16="EMBOQUE"),$M16,IF(AND($N16="VCA",$Q16="LINEAR"),$M16,IF(AND($N16="VCA",$Q16="PREDIAL"),0,0))) -> 8.04 | AM16: =IF(AND($N16="MND",$Q16="EMBOQUE"),$M16,IF(AND($N16="VCA",$Q16="LINEAR"),$M16,IF(AND($N16="VCA",$Q16="PREDIAL"),0,0))) -> 8.04 | AN16: =ROUND(IF(AND($N16="VCA",$M16<>"",$Q16="LINEAR"),$M16/100,IF(AND($N16="MND",$M16>100,$Q16="EMBOQUE"),$M16/100,0)),0) -> 0 | AO16: =IF(AND($N16="MND",$Q16="EMBOQUE"),$AN16*2*2,IF(AND($N16="VCA",$Q16="LINEAR"),$M16*2,IF(AND($N16="VCA",$Q16="PREDIAL"),0,0))) -> 16.08 | AP16: =IFERROR($M16*$AF16*$AG16,0) -> 7.123038 | AQ16: =IFERROR(IF(AND($N16="VCA",$AH16>0),$M16*$AG16*$AH16,0),0) -> 0.5226 | AR16: =IFERROR(IF(AND($N16="VCA",$AJ16>0),($M16*$AG16*$AJ16)-$AI16,0),0) -> 1.8719753 | AS16: =IFERROR(IF(AND($N16="VCA",$AP16>0),$AP16-$AI16-$AQ16-$AR16,0),0) -> 4.7034 | AT16: =IFERROR(IF($N16="VCA",INDEX(APOIO_REDES!$A:$W,MATCH($C16&$I16&$H16&$N16&$O16,APOIO_REDES!$W:$W,0),MATCH(AT$5,APOIO_REDES!$5:$5,0)),0)*$AP16,0) -> 0.077500762 | AU16: =IFERROR(IF($N16="VCA",INDEX(APOIO_REDES!$A:$W,MATCH($C16&$I16&$H16&$N16&$O16,APOIO_REDES!$W:$W,0),MATCH(AU$5,APOIO_REDES!$5:$5,0)),0)*$AP16,0) -> 0.061890009 | AV16: =IFERROR(IF($N16="VCA",INDEX(APOIO_REDES!$A:$W,MATCH($C16&$I16&$H16&$N16&$O16,APOIO_REDES!$W:$W,0),MATCH(AV$5,APOIO_REDES!$5:$5,0)),0)*$AP16,0) -> 0.0085650914 | AW16: =IFERROR(IF($N16="VCA",INDEX(APOIO_REDES!$A:$W,MATCH($C16&$I16&$H16&$N16&$O16,APOIO_REDES!$W:$W,0),MATCH(AW$5,APOIO_REDES!$5:$5,0)),0)*$AP16,0) -> 4.8893085 | AX16: =IFERROR(IF($N16="VCA",INDEX(APOIO_REDES!$A:$W,MATCH($C16&$I16&$H16&$N16&$O16,APOIO_REDES!$W:$W,0),MATCH(AX$5,APOIO_REDES!$5:$5,0)),0)*$AP16,0) -> 0.67666637 | AY16: =IFERROR(IF($N16="VCA",INDEX(APOIO_REDES!$A:$W,MATCH($C16&$I16&$H16&$N16&$O16,APOIO_REDES!$W:$W,0),MATCH(AY$5,APOIO_REDES!$5:$5,0)),0)*$AP16,0) -> 1.2377994 | AZ16: =IFERROR(IF($N16="VCA",INDEX(APOIO_REDES!$A:$W,MATCH($C16&$I16&$H16&$N16&$O16,APOIO_REDES!$W:$W,0),MATCH(AZ$5,APOIO_REDES!$5:$5,0)),0)*$AP16,0) -> 0.17130786 | BA16: =IFERROR(IF(AND($N16="VCA",$Q16="LINEAR"),INDEX(APOIO_REDES!$A:$W,MATCH($C16&$I16&$H16&$N16&$O16,APOIO_REDES!$W:$W,0),MATCH(BA$5,APOIO_REDES!$5:$5,0)),IF(AND($N16="MND",$Q16="EMBOQUE"),INDEX(APOIO_REDES!$A:$W,MATCH($C16&$I16&$H16&$N16&$O16,APOIO_REDES!$W:$W,0),MATCH(BA$5,APOIO_REDES!$5:$5,0)),0))*$M16/10,0) -> 0.64800372 | BB16: =IFERROR(IF($N16="VCA",INDEX(APOIO_REDES!$A:$W,MATCH($C16&$I16&$H16&$N16&$O16,APOIO_REDES!$W:$W,0),MATCH(BB$5,APOIO_REDES!$5:$5,0)),0)*($AI16+$AQ16+$AR16),0) -> 2.3933116 | BC16: =IFERROR(IF($N16="VCA",INDEX(APOIO_REDES!$A:$W,MATCH($C16&$I16&$H16&$N16&$O16,APOIO_REDES!$W:$W,0),MATCH(BC$5,APOIO_REDES!$5:$5,0)),0)*($AI16+$AQ16+$AR16),0) -> 0.026326378 | BD16: =IF(AND($N16="VCA",$AF16>=1.25,$AF16<1.5),$M16*$AF16*2,0) -> 21.91704 | BE16: =IF(AND($N16="VCA",$AF16>=1.5,$AF16<3),$M16*$AF16*2,0) -> 0 | BF16: =IF(AND($N16="VCA",$AF16>=3),$M16*$AF16*2,0) -> 0 | BG16: =($BB16+$BC16)*$AK16 -> 4.5973122 | BH16: =IF(AND($M16<>"",$N16="VCA",$Q16="LINEAR"),($M16*2)/100,IF(AND($M16<>"",$N16="MND",$Q16="EMBOQUE"),($AN16*2)/100,0)) -> 0.1608 | BI16: =IF(AND($M16<>"",$N16="VCA",$Q16="LINEAR"),$M16,IF(AND($M16<>"",$N16="MND",$Q16="EMBOQUE"),$AN16*2,0)) -> 8.04 | BJ16: =IF(AND($M16<>"",$N16="VCA",$Q16="LINEAR"),($M16*6.8)/100,IF(AND($M16<>"",$N16="MND",$Q16="EMBOQUE"),($AN16*2*6.8)/100,0)) -> 0.54672 | BK16: =IF(AND($M16<>"",$N16="VCA",$Q16="LINEAR"),($M16*2.5)/50,IF(AND($M16<>"",$N16="MND",$Q16="EMBOQUE"),($AN16*2*2.5)/50,0)) -> 0.402 | BL16: =K16&J16 -> Zona01REDES | BM16: EQUIPE ZONA 01 | BN16: Rede | BO16: PB01 | BP16: Zona01_PB01_Rede_NÓ2.6 | BQ16: Zona01_PB01_Rede_NÓ2.5 | BR16: 5FD12 | BS16: 203369.59 | BT16: 8239122.8 | BU16: 203363.03 | BV16: 8239127.5 | BW16: -15.909348 | BX16: -47.770326 | BY16: Zona01_PB01_Rede_NÓ2.6
A17: =IF(C17<>"",ROW(A12),"") -> 12 | B17: =HYPERLINK("https://www.google.com/maps/dir/-15.917302,-47.760003/-15.9093459,-47.7702693/data=!4m3!4m2!3e0!5i0") -> https://www.google.com/maps/dir/-15.917302,-47.760003/-15.9093459,-47.7702693/data=!4m3!4m2!3e0!5i0 | C17: TUBO PEAD | D17: PN10 | E17: PE100 | F17: TUBO PEAD | G17: ELETROFUSÃO | H17: 63 | I17: PEAD | J17: REDES | K17: Zona01 | L17: M | M17: =3.81 -> 3.81 | N17: VCA | O17: VIA | P17: REDE | Q17: LINEAR | R17: Zona01_PB01_Rede_TR012 | S17: TERCIÁRIA | T17: A.RED.SSB-D014.V03.T01.002/037 | U17: =RIGHT(T17,7) -> 002/037 | V17: REVISÃO 08 | W17: 45882 | X17: ST BAIRRO RESID VITÓRIA | Z17: S/DEFINIÇÃO | AA17: 1.9 | AB17: TRECHO DE Zona01_PB01_Rede_NÓ1.3 A Zona01_PB01_Rede_NÓ2.6 | AC17: 5.8.44 | AD17: =CONCATENATE($C17,$I17,$H17,$N17,$J17,$K17) -> TUBO PEADPEAD63VCAREDESZona01 | AE17: =IFERROR(INDEX(APOIO_REDES!$A:$W,MATCH($C17&$I17&$H17&$N17&$O17,APOIO_REDES!$W:$W,0),MATCH(AE$5,APOIO_REDES!$5:$5,0)),0) -> 1.2 | AF17: =IFERROR(INDEX(APOIO_REDES!$A:$W,MATCH($C17&$I17&$H17&$N17&$O17,APOIO_REDES!$W:$W,0),MATCH(AF$5,APOIO_REDES!$5:$5,0)),0) -> 1.363 | AG17: =IFERROR(INDEX(APOIO_REDES!$A:$W,MATCH($C17&$I17&$H17&$N17&$O17,APOIO_REDES!$W:$W,0),MATCH(AG$5,APOIO_REDES!$5:$5,0)),0) -> 0.65 | AH17: =IFERROR(INDEX(APOIO_REDES!$A:$W,MATCH($C17&$I17&$H17&$N17&$O17,APOIO_REDES!$W:$W,0),MATCH(AH$5,APOIO_REDES!$5:$5,0)),0) -> 0.1 | AI17: =IFERROR(IF($H17<>"",(((($H17/1000)/2)^2)*PI()*$M17),0),0) -> 0.011876705 | AJ17: =IFERROR(IF(AND($H17<>"",$I17="FoFo",OR($N17="MND",$N17="VCA"),$Q17="LINEAR"),0,IF(AND($H17<>"",$I17="PEAD",$N17="VCA",$Q17="LINEAR"),($H17/1000)+0.3,IF(AND($H17<>"",$I17="PEAD",$N17="MND",$Q17="EMBOQUE"),0,IF(AND($H17<>"",$I17="PVC",$N17="VCA",$Q17="LINEAR"),($H17/1000)+0.2,IF(AND($H17<>"",$I17="PVC",$N17="MND",$Q17="EMBOQUE"),0,IF(AND($H17<>"",$I17="PEAD",$N17="VCA",$Q17="PREDIAL"),0,0)))))),0) -> 0.363 | AK17: =IF(AA17<>"",AA17,0) -> 1.9 | AL17: =IF(AND($N17="MND",$Q17="EMBOQUE"),$M17,IF(AND($N17="VCA",$Q17="LINEAR"),$M17,IF(AND($N17="VCA",$Q17="PREDIAL"),0,0))) -> 3.81 | AM17: =IF(AND($N17="MND",$Q17="EMBOQUE"),$M17,IF(AND($N17="VCA",$Q17="LINEAR"),$M17,IF(AND($N17="VCA",$Q17="PREDIAL"),0,0))) -> 3.81 | AN17: =ROUND(IF(AND($N17="VCA",$M17<>"",$Q17="LINEAR"),$M17/100,IF(AND($N17="MND",$M17>100,$Q17="EMBOQUE"),$M17/100,0)),0) -> 0 | AO17: =IF(AND($N17="MND",$Q17="EMBOQUE"),$AN17*2*2,IF(AND($N17="VCA",$Q17="LINEAR"),$M17*2,IF(AND($N17="VCA",$Q17="PREDIAL"),0,0))) -> 7.62 | AP17: =IFERROR($M17*$AF17*$AG17,0) -> 3.3754695 | AQ17: =IFERROR(IF(AND($N17="VCA",$AH17>0),$M17*$AG17*$AH17,0),0) -> 0.24765 | AR17: =IFERROR(IF(AND($N17="VCA",$AJ17>0),($M17*$AG17*$AJ17)-$AI17,0),0) -> 0.8870928 | AS17: =IFERROR(IF(AND($N17="VCA",$AP17>0),$AP17-$AI17-$AQ17-$AR17,0),0) -> 2.22885 | AT17: =IFERROR(IF($N17="VCA",INDEX(APOIO_REDES!$A:$W,MATCH($C17&$I17&$H17&$N17&$O17,APOIO_REDES!$W:$W,0),MATCH(AT$5,APOIO_REDES!$5:$5,0)),0)*$AP17,0) -> 0.036726107 | AU17: =IFERROR(IF($N17="VCA",INDEX(APOIO_REDES!$A:$W,MATCH($C17&$I17&$H17&$N17&$O17,APOIO_REDES!$W:$W,0),MATCH(AU$5,APOIO_REDES!$5:$5,0)),0)*$AP17,0) -> 0.029328475 | AV17: =IFERROR(IF($N17="VCA",INDEX(APOIO_REDES!$A:$W,MATCH($C17&$I17&$H17&$N17&$O17,APOIO_REDES!$W:$W,0),MATCH(AV$5,APOIO_REDES!$5:$5,0)),0)*$AP17,0) -> 0.0040588306 | AW17: =IFERROR(IF($N17="VCA",INDEX(APOIO_REDES!$A:$W,MATCH($C17&$I17&$H17&$N17&$O17,APOIO_REDES!$W:$W,0),MATCH(AW$5,APOIO_REDES!$5:$5,0)),0)*$AP17,0) -> 2.3169484 | AX17: =IFERROR(IF($N17="VCA",INDEX(APOIO_REDES!$A:$W,MATCH($C17&$I17&$H17&$N17&$O17,APOIO_REDES!$W:$W,0),MATCH(AX$5,APOIO_REDES!$5:$5,0)),0)*$AP17,0) -> 0.32065906 | AY17: =IFERROR(IF($N17="VCA",INDEX(APOIO_REDES!$A:$W,MATCH($C17&$I17&$H17&$N17&$O17,APOIO_REDES!$W:$W,0),MATCH(AY$5,APOIO_REDES!$5:$5,0)),0)*$AP17,0) -> 0.58656913 | AZ17: =IFERROR(IF($N17="VCA",INDEX(APOIO_REDES!$A:$W,MATCH($C17&$I17&$H17&$N17&$O17,APOIO_REDES!$W:$W,0),MATCH(AZ$5,APOIO_REDES!$5:$5,0)),0)*$AP17,0) -> 0.081179473 | BA17: =IFERROR(IF(AND($N17="VCA",$Q17="LINEAR"),INDEX(APOIO_REDES!$A:$W,MATCH($C17&$I17&$H17&$N17&$O17,APOIO_REDES!$W:$W,0),MATCH(BA$5,APOIO_REDES!$5:$5,0)),IF(AND($N17="MND",$Q17="EMBOQUE"),INDEX(APOIO_REDES!$A:$W,MATCH($C17&$I17&$H17&$N17&$O17,APOIO_REDES!$W:$W,0),MATCH(BA$5,APOIO_REDES!$5:$5,0)),0))*$M17/10,0) -> 0.30707639 | BB17: =IFERROR(IF($N17="VCA",INDEX(APOIO_REDES!$A:$W,MATCH($C17&$I17&$H17&$N17&$O17,APOIO_REDES!$W:$W,0),MATCH(BB$5,APOIO_REDES!$5:$5,0)),0)*($AI17+$AQ17+$AR17),0) -> 1.1341439 | BC17: =IFERROR(IF($N17="VCA",INDEX(APOIO_REDES!$A:$W,MATCH($C17&$I17&$H17&$N17&$O17,APOIO_REDES!$W:$W,0),MATCH(BC$5,APOIO_REDES!$5:$5,0)),0)*($AI17+$AQ17+$AR17),0) -> 0.01247556 | BD17: =IF(AND($N17="VCA",$AF17>=1.25,$AF17<1.5),$M17*$AF17*2,0) -> 10.38606 | BE17: =IF(AND($N17="VCA",$AF17>=1.5,$AF17<3),$M17*$AF17*2,0) -> 0 | BF17: =IF(AND($N17="VCA",$AF17>=3),$M17*$AF17*2,0) -> 0 | BG17: =($BB17+$BC17)*$AK17 -> 2.178577 | BH17: =IF(AND($M17<>"",$N17="VCA",$Q17="LINEAR"),($M17*2)/100,IF(AND($M17<>"",$N17="MND",$Q17="EMBOQUE"),($AN17*2)/100,0)) -> 0.0762 | BI17: =IF(AND($M17<>"",$N17="VCA",$Q17="LINEAR"),$M17,IF(AND($M17<>"",$N17="MND",$Q17="EMBOQUE"),$AN17*2,0)) -> 3.81 | BJ17: =IF(AND($M17<>"",$N17="VCA",$Q17="LINEAR"),($M17*6.8)/100,IF(AND($M17<>"",$N17="MND",$Q17="EMBOQUE"),($AN17*2*6.8)/100,0)) -> 0.25908 | BK17: =IF(AND($M17<>"",$N17="VCA",$Q17="LINEAR"),($M17*2.5)/50,IF(AND($M17<>"",$N17="MND",$Q17="EMBOQUE"),($AN17*2*2.5)/50,0)) -> 0.1905 | BL17: =K17&J17 -> Zona01REDES | BM17: EQUIPE ZONA 01 | BN17: Rede | BO17: PB01 | BP17: Zona01_PB01_Rede_NÓ1.3 | BQ17: Zona01_PB01_Rede_NÓ2.6 | BR17: 5FD12 | BS17: 203372.3 | BT17: 8239125.5 | BU17: 203369.59 | BV17: 8239122.8 | BW17: -15.909357 | BX17: -47.770283 | BY17: Zona01_PB01_Rede_NÓ1.3
A18: =IF(C18<>"",ROW(A13),"") -> 13 | B18: =HYPERLINK("https://www.google.com/maps/dir/-15.917302,-47.760003/-15.9094223,-47.7692309/data=!4m3!4m2!3e0!5i1") -> https://www.google.com/maps/dir/-15.917302,-47.760003/-15.9094223,-47.7692309/data=!4m3!4m2!3e0!5i1 | C18: TUBO PEAD | D18: PN10 | E18: PE100 | F18: TUBO PEAD | G18: ELETROFUSÃO | H18: 63 | I18: PEAD | J18: REDES | K18: Zona01 | L18: M | M18: =103.9 -> 103.9 | N18: VCA | O18: VIA | P18: REDE | Q18: LINEAR | R18: Zona01_PB01_Rede_TR013 | S18: TERCIÁRIA | T18: A.RED.SSB-D014.V03.T01.002/037 | U18: =RIGHT(T18,7) -> 002/037 | V18: REVISÃO 08 | W18: 45882 | X18: ST BAIRRO RESID VITÓRIA | Z18: S/DEFINIÇÃO | AA18: 1.8 | AB18: TRECHO DE Zona01_PB01_Rede_NÓ1.7 A Zona01_PB01_Rede_NÓ1.5 | AC18: 5.8.44 | AD18: =CONCATENATE($C18,$I18,$H18,$N18,$J18,$K18) -> TUBO PEADPEAD63VCAREDESZona01 | AE18: =IFERROR(INDEX(APOIO_REDES!$A:$W,MATCH($C18&$I18&$H18&$N18&$O18,APOIO_REDES!$W:$W,0),MATCH(AE$5,APOIO_REDES!$5:$5,0)),0) -> 1.2 | AF18: =IFERROR(INDEX(APOIO_REDES!$A:$W,MATCH($C18&$I18&$H18&$N18&$O18,APOIO_REDES!$W:$W,0),MATCH(AF$5,APOIO_REDES!$5:$5,0)),0) -> 1.363 | AG18: =IFERROR(INDEX(APOIO_REDES!$A:$W,MATCH($C18&$I18&$H18&$N18&$O18,APOIO_REDES!$W:$W,0),MATCH(AG$5,APOIO_REDES!$5:$5,0)),0) -> 0.65 | AH18: =IFERROR(INDEX(APOIO_REDES!$A:$W,MATCH($C18&$I18&$H18&$N18&$O18,APOIO_REDES!$W:$W,0),MATCH(AH$5,APOIO_REDES!$5:$5,0)),0) -> 0.1 | AI18: =IFERROR(IF($H18<>"",(((($H18/1000)/2)^2)*PI()*$M18),0),0) -> 0.32388179 | AJ18: =IFERROR(IF(AND($H18<>"",$I18="FoFo",OR($N18="MND",$N18="VCA"),$Q18="LINEAR"),0,IF(AND($H18<>"",$I18="PEAD",$N18="VCA",$Q18="LINEAR"),($H18/1000)+0.3,IF(AND($H18<>"",$I18="PEAD",$N18="MND",$Q18="EMBOQUE"),0,IF(AND($H18<>"",$I18="PVC",$N18="VCA",$Q18="LINEAR"),($H18/1000)+0.2,IF(AND($H18<>"",$I18="PVC",$N18="MND",$Q18="EMBOQUE"),0,IF(AND($H18<>"",$I18="PEAD",$N18="VCA",$Q18="PREDIAL"),0,0)))))),0) -> 0.363 | AK18: =IF(AA18<>"",AA18,0) -> 1.8 | AL18: =IF(AND($N18="MND",$Q18="EMBOQUE"),$M18,IF(AND($N18="VCA",$Q18="LINEAR"),$M18,IF(AND($N18="VCA",$Q18="PREDIAL"),0,0))) -> 103.9 | AM18: =IF(AND($N18="MND",$Q18="EMBOQUE"),$M18,IF(AND($N18="VCA",$Q18="LINEAR"),$M18,IF(AND($N18="VCA",$Q18="PREDIAL"),0,0))) -> 103.9 | AN18: =ROUND(IF(AND($N18="VCA",$M18<>"",$Q18="LINEAR"),$M18/100,IF(AND($N18="MND",$M18>100,$Q18="EMBOQUE"),$M18/100,0)),0) -> 1 | AO18: =IF(AND($N18="MND",$Q18="EMBOQUE"),$AN18*2*2,IF(AND($N18="VCA",$Q18="LINEAR"),$M18*2,IF(AND($N18="VCA",$Q18="PREDIAL"),0,0))) -> 207.8 | AP18: =IFERROR($M18*$AF18*$AG18,0) -> 92.050205 | AQ18: =IFERROR(IF(AND($N18="VCA",$AH18>0),$M18*$AG18*$AH18,0),0) -> 6.7535 | AR18: =IFERROR(IF(AND($N18="VCA",$AJ18>0),($M18*$AG18*$AJ18)-$AI18,0),0) -> 24.191323 | AS18: =IFERROR(IF(AND($N18="VCA",$AP18>0),$AP18-$AI18-$AQ18-$AR18,0),0) -> 60.7815 | AT18: =IFERROR(IF($N18="VCA",INDEX(APOIO_REDES!$A:$W,MATCH($C18&$I18&$H18&$N18&$O18,APOIO_REDES!$W:$W,0),MATCH(AT$5,APOIO_REDES!$5:$5,0)),0)*$AP18,0) -> 1.0015335 | AU18: =IFERROR(IF($N18="VCA",INDEX(APOIO_REDES!$A:$W,MATCH($C18&$I18&$H18&$N18&$O18,APOIO_REDES!$W:$W,0),MATCH(AU$5,APOIO_REDES!$5:$5,0)),0)*$AP18,0) -> 0.79979751 | AV18: =IFERROR(IF($N18="VCA",INDEX(APOIO_REDES!$A:$W,MATCH($C18&$I18&$H18&$N18&$O18,APOIO_REDES!$W:$W,0),MATCH(AV$5,APOIO_REDES!$5:$5,0)),0)*$AP18,0) -> 0.1106857 | AW18: =IFERROR(IF($N18="VCA",INDEX(APOIO_REDES!$A:$W,MATCH($C18&$I18&$H18&$N18&$O18,APOIO_REDES!$W:$W,0),MATCH(AW$5,APOIO_REDES!$5:$5,0)),0)*$AP18,0) -> 63.183974 | AX18: =IFERROR(IF($N18="VCA",INDEX(APOIO_REDES!$A:$W,MATCH($C18&$I18&$H18&$N18&$O18,APOIO_REDES!$W:$W,0),MATCH(AX$5,APOIO_REDES!$5:$5,0)),0)*$AP18,0) -> 8.744482 | AY18: =IFERROR(IF($N18="VCA",INDEX(APOIO_REDES!$A:$W,MATCH($C18&$I18&$H18&$N18&$O18,APOIO_REDES!$W:$W,0),MATCH(AY$5,APOIO_REDES!$5:$5,0)),0)*$AP18,0) -> 15.99594 | AZ18: =IFERROR(IF($N18="VCA",INDEX(APOIO_REDES!$A:$W,MATCH($C18&$I18&$H18&$N18&$O18,APOIO_REDES!$W:$W,0),MATCH(AZ$5,APOIO_REDES!$5:$5,0)),0)*$AP18,0) -> 2.2137919 | BA18: =IFERROR(IF(AND($N18="VCA",$Q18="LINEAR"),INDEX(APOIO_REDES!$A:$W,MATCH($C18&$I18&$H18&$N18&$O18,APOIO_REDES!$W:$W,0),MATCH(BA$5,APOIO_REDES!$5:$5,0)),IF(AND($N18="MND",$Q18="EMBOQUE"),INDEX(APOIO_REDES!$A:$W,MATCH($C18&$I18&$H18&$N18&$O18,APOIO_REDES!$W:$W,0),MATCH(BA$5,APOIO_REDES!$5:$5,0)),0))*$M18/10,0) -> 8.3740779 | BB18: =IFERROR(IF($N18="VCA",INDEX(APOIO_REDES!$A:$W,MATCH($C18&$I18&$H18&$N18&$O18,APOIO_REDES!$W:$W,0),MATCH(BB$5,APOIO_REDES!$5:$5,0)),0)*($AI18+$AQ18+$AR18),0) -> 30.928492 | BC18: =IFERROR(IF($N18="VCA",INDEX(APOIO_REDES!$A:$W,MATCH($C18&$I18&$H18&$N18&$O18,APOIO_REDES!$W:$W,0),MATCH(BC$5,APOIO_REDES!$5:$5,0)),0)*($AI18+$AQ18+$AR18),0) -> 0.34021277 | BD18: =IF(AND($N18="VCA",$AF18>=1.25,$AF18<1.5),$M18*$AF18*2,0) -> 283.2314 | BE18: =IF(AND($N18="VCA",$AF18>=1.5,$AF18<3),$M18*$AF18*2,0) -> 0 | BF18: =IF(AND($N18="VCA",$AF18>=3),$M18*$AF18*2,0) -> 0 | BG18: =($BB18+$BC18)*$AK18 -> 56.283669 | BH18: =IF(AND($M18<>"",$N18="VCA",$Q18="LINEAR"),($M18*2)/100,IF(AND($M18<>"",$N18="MND",$Q18="EMBOQUE"),($AN18*2)/100,0)) -> 2.078 | BI18: =IF(AND($M18<>"",$N18="VCA",$Q18="LINEAR"),$M18,IF(AND($M18<>"",$N18="MND",$Q18="EMBOQUE"),$AN18*2,0)) -> 103.9 | BJ18: =IF(AND($M18<>"",$N18="VCA",$Q18="LINEAR"),($M18*6.8)/100,IF(AND($M18<>"",$N18="MND",$Q18="EMBOQUE"),($AN18*2*6.8)/100,0)) -> 7.0652 | BK18: =IF(AND($M18<>"",$N18="VCA",$Q18="LINEAR"),($M18*2.5)/50,IF(AND($M18<>"",$N18="MND",$Q18="EMBOQUE"),($AN18*2*2.5)/50,0)) -> 5.195 | BL18: =K18&J18 -> Zona01REDES | BM18: EQUIPE ZONA 01 | BN18: Rede | BO18: PB01 | BP18: Zona01_PB01_Rede_NÓ1.7 | BQ18: Zona01_PB01_Rede_NÓ1.5 | BR18: 5FD13, B461, B464 | BS18: 203483.76 | BT18: 8239118.4 | BU18: 203404.08 | BV18: 8239156.7 | BW18: -15.909375 | BX18: -47.769605 | BY18: Zona01_PB01_Rede_NÓ1.7
A19: =IF(C19<>"",ROW(A14),"") -> 14 | B19: =HYPERLINK("https://www.google.com/maps/dir/-15.917302,-47.760003/-15.9093262,-47.7703563/data=!4m3!4m2!3e0!5i0") -> https://www.google.com/maps/dir/-15.917302,-47.760003/-15.9093262,-47.7703563/data=!4m3!4m2!3e0!5i0 | C19: TUBO PEAD | D19: PN10 | E19: PE100 | F19: TUBO PEAD | G19: ELETROFUSÃO | H19: 63 | I19: PEAD | J19: REDES | K19: Zona01 | L19: M | M19: =28.61 -> 28.61 | N19: VCA | O19: VIA | P19: REDE | Q19: LINEAR | R19: Zona01_PB01_Rede_TR014 | S19: TERCIÁRIA | T19: A.RED.SSB-D014.V03.T01.002/037 | U19: =RIGHT(T19,7) -> 002/037 | V19: REVISÃO 08 | W19: 45882 | X19: ST BAIRRO RESID VITÓRIA | Z19: S/DEFINIÇÃO | AA19: 1.9 | AB19: TRECHO DE Zona01_PB01_Rede_NÓ2.5 A Zona01_PB01_Rede_NÓ1.2 | AC19: 5.8.44 | AD19: =CONCATENATE($C19,$I19,$H19,$N19,$J19,$K19) -> TUBO PEADPEAD63VCAREDESZona01 | AE19: =IFERROR(INDEX(APOIO_REDES!$A:$W,MATCH($C19&$I19&$H19&$N19&$O19,APOIO_REDES!$W:$W,0),MATCH(AE$5,APOIO_REDES!$5:$5,0)),0) -> 1.2 | AF19: =IFERROR(INDEX(APOIO_REDES!$A:$W,MATCH($C19&$I19&$H19&$N19&$O19,APOIO_REDES!$W:$W,0),MATCH(AF$5,APOIO_REDES!$5:$5,0)),0) -> 1.363 | AG19: =IFERROR(INDEX(APOIO_REDES!$A:$W,MATCH($C19&$I19&$H19&$N19&$O19,APOIO_REDES!$W:$W,0),MATCH(AG$5,APOIO_REDES!$5:$5,0)),0) -> 0.65 | AH19: =IFERROR(INDEX(APOIO_REDES!$A:$W,MATCH($C19&$I19&$H19&$N19&$O19,APOIO_REDES!$W:$W,0),MATCH(AH$5,APOIO_REDES!$5:$5,0)),0) -> 0.1 | AI19: =IFERROR(IF($H19<>"",(((($H19/1000)/2)^2)*PI()*$M19),0),0) -> 0.089184388 | AJ19: =IFERROR(IF(AND($H19<>"",$I19="FoFo",OR($N19="MND",$N19="VCA"),$Q19="LINEAR"),0,IF(AND($H19<>"",$I19="PEAD",$N19="VCA",$Q19="LINEAR"),($H19/1000)+0.3,IF(AND($H19<>"",$I19="PEAD",$N19="MND",$Q19="EMBOQUE"),0,IF(AND($H19<>"",$I19="PVC",$N19="VCA",$Q19="LINEAR"),($H19/1000)+0.2,IF(AND($H19<>"",$I19="PVC",$N19="MND",$Q19="EMBOQUE"),0,IF(AND($H19<>"",$I19="PEAD",$N19="VCA",$Q19="PREDIAL"),0,0)))))),0) -> 0.363 | AK19: =IF(AA19<>"",AA19,0) -> 1.9 | AL19: =IF(AND($N19="MND",$Q19="EMBOQUE"),$M19,IF(AND($N19="VCA",$Q19="LINEAR"),$M19,IF(AND($N19="VCA",$Q19="PREDIAL"),0,0))) -> 28.61 | AM19: =IF(AND($N19="MND",$Q19="EMBOQUE"),$M19,IF(AND($N19="VCA",$Q19="LINEAR"),$M19,IF(AND($N19="VCA",$Q19="PREDIAL"),0,0))) -> 28.61 | AN19: =ROUND(IF(AND($N19="VCA",$M19<>"",$Q19="LINEAR"),$M19/100,IF(AND($N19="MND",$M19>100,$Q19="EMBOQUE"),$M19/100,0)),0) -> 0 | AO19: =IF(AND($N19="MND",$Q19="EMBOQUE"),$AN19*2*2,IF(AND($N19="VCA",$Q19="LINEAR"),$M19*2,IF(AND($N19="VCA",$Q19="PREDIAL"),0,0))) -> 57.22 | AP19: =IFERROR($M19*$AF19*$AG19,0) -> 25.34703 | AQ19: =IFERROR(IF(AND($N19="VCA",$AH19>0),$M19*$AG19*$AH19,0),0) -> 1.85965 | AR19: =IFERROR(IF(AND($N19="VCA",$AJ19>0),($M19*$AG19*$AJ19)-$AI19,0),0) -> 6.6613451 | AS19: =IFERROR(IF(AND($N19="VCA",$AP19>0),$AP19-$AI19-$AQ19-$AR19,0),0) -> 16.73685 | AT19: =IFERROR(IF($N19="VCA",INDEX(APOIO_REDES!$A:$W,MATCH($C19&$I19&$H19&$N19&$O19,APOIO_REDES!$W:$W,0),MATCH(AT$5,APOIO_REDES!$5:$5,0)),0)*$AP19,0) -> 0.27578318 | AU19: =IFERROR(IF($N19="VCA",INDEX(APOIO_REDES!$A:$W,MATCH($C19&$I19&$H19&$N19&$O19,APOIO_REDES!$W:$W,0),MATCH(AU$5,APOIO_REDES!$5:$5,0)),0)*$AP19,0) -> 0.22023298 | AV19: =IFERROR(IF($N19="VCA",INDEX(APOIO_REDES!$A:$W,MATCH($C19&$I19&$H19&$N19&$O19,APOIO_REDES!$W:$W,0),MATCH(AV$5,APOIO_REDES!$5:$5,0)),0)*$AP19,0) -> 0.030478516 | AW19: =IFERROR(IF($N19="VCA",INDEX(APOIO_REDES!$A:$W,MATCH($C19&$I19&$H19&$N19&$O19,APOIO_REDES!$W:$W,0),MATCH(AW$5,APOIO_REDES!$5:$5,0)),0)*$AP19,0) -> 17.398397 | AX19: =IFERROR(IF($N19="VCA",INDEX(APOIO_REDES!$A:$W,MATCH($C19&$I19&$H19&$N19&$O19,APOIO_REDES!$W:$W,0),MATCH(AX$5,APOIO_REDES!$5:$5,0)),0)*$AP19,0) -> 2.4078886 | AY19: =IFERROR(IF($N19="VCA",INDEX(APOIO_REDES!$A:$W,MATCH($C19&$I19&$H19&$N19&$O19,APOIO_REDES!$W:$W,0),MATCH(AY$5,APOIO_REDES!$5:$5,0)),0)*$AP19,0) -> 4.4046569 | AZ19: =IFERROR(IF($N19="VCA",INDEX(APOIO_REDES!$A:$W,MATCH($C19&$I19&$H19&$N19&$O19,APOIO_REDES!$W:$W,0),MATCH(AZ$5,APOIO_REDES!$5:$5,0)),0)*$AP19,0) -> 0.60959179 | BA19: =IFERROR(IF(AND($N19="VCA",$Q19="LINEAR"),INDEX(APOIO_REDES!$A:$W,MATCH($C19&$I19&$H19&$N19&$O19,APOIO_REDES!$W:$W,0),MATCH(BA$5,APOIO_REDES!$5:$5,0)),IF(AND($N19="MND",$Q19="EMBOQUE"),INDEX(APOIO_REDES!$A:$W,MATCH($C19&$I19&$H19&$N19&$O19,APOIO_REDES!$W:$W,0),MATCH(BA$5,APOIO_REDES!$5:$5,0)),0))*$M19/10,0) -> 2.3058938 | BB19: =IFERROR(IF($N19="VCA",INDEX(APOIO_REDES!$A:$W,MATCH($C19&$I19&$H19&$N19&$O19,APOIO_REDES!$W:$W,0),MATCH(BB$5,APOIO_REDES!$5:$5,0)),0)*($AI19+$AQ19+$AR19),0) -> 8.5164982 | BC19: =IFERROR(IF($N19="VCA",INDEX(APOIO_REDES!$A:$W,MATCH($C19&$I19&$H19&$N19&$O19,APOIO_REDES!$W:$W,0),MATCH(BC$5,APOIO_REDES!$5:$5,0)),0)*($AI19+$AQ19+$AR19),0) -> 0.093681301 | BD19: =IF(AND($N19="VCA",$AF19>=1.25,$AF19<1.5),$M19*$AF19*2,0) -> 77.99086 | BE19: =IF(AND($N19="VCA",$AF19>=1.5,$AF19<3),$M19*$AF19*2,0) -> 0 | BF19: =IF(AND($N19="VCA",$AF19>=3),$M19*$AF19*2,0) -> 0 | BG19: =($BB19+$BC19)*$AK19 -> 16.359341 | BH19: =IF(AND($M19<>"",$N19="VCA",$Q19="LINEAR"),($M19*2)/100,IF(AND($M19<>"",$N19="MND",$Q19="EMBOQUE"),($AN19*2)/100,0)) -> 0.5722 | BI19: =IF(AND($M19<>"",$N19="VCA",$Q19="LINEAR"),$M19,IF(AND($M19<>"",$N19="MND",$Q19="EMBOQUE"),$AN19*2,0)) -> 28.61 | BJ19: =IF(AND($M19<>"",$N19="VCA",$Q19="LINEAR"),($M19*6.8)/100,IF(AND($M19<>"",$N19="MND",$Q19="EMBOQUE"),($AN19*2*6.8)/100,0)) -> 1.94548 | BK19: =IF(AND($M19<>"",$N19="VCA",$Q19="LINEAR"),($M19*2.5)/50,IF(AND($M19<>"",$N19="MND",$Q19="EMBOQUE"),($AN19*2*2.5)/50,0)) -> 1.4305 | BL19: =K19&J19 -> Zona01REDES | BM19: EQUIPE ZONA 01 | BN19: Rede | BO19: PB01 | BP19: Zona01_PB01_Rede_NÓ2.5 | BQ19: Zona01_PB01_Rede_NÓ1.2 | BR19: 5FD12 | BS19: 203363.03 | BT19: 8239127.5 | BU19: 203344.58 | BV19: 8239105.6 | BW19: -15.909424 | BX19: -47.770444 | BY19: Zona01_PB01_Rede_NÓ2.5
A20: =IF(C20<>"",ROW(A15),"") -> 15 | B20: =HYPERLINK("https://www.google.com/maps/dir/-15.917302,-47.760003/-15.9096325,-47.7693914/data=!4m3!4m2!3e0!5i0") -> https://www.google.com/maps/dir/-15.917302,-47.760003/-15.9096325,-47.7693914/data=!4m3!4m2!3e0!5i0 | C20: TUBO PEAD | D20: PN10 | E20: PE100 | F20: TUBO PEAD | G20: ELETROFUSÃO | H20: 110 | I20: PEAD | J20: REDES | K20: Zona01 | L20: M | M20: =168.86+0.34 -> 169.2 | N20: VCA | O20: VIA | P20: REDE | Q20: LINEAR | R20: Zona01_PB01_Rede_TR015 | S20: SECUNDÁRIA | T20: A.RED.SSB-D014.V03.T01.002/037 | U20: =RIGHT(T20,7) -> 002/037 | V20: REVISÃO 08 | W20: 45882 | X20: ST BAIRRO RESID VITÓRIA | Z20: S/DEFINIÇÃO | AA20: 1.8 | AB20: TRECHO DE Zona01_PB01_Rede_NÓ63.1 A Zona01_PB01_Rede_NÓ107.2; INCLUI 0,34 M DE TUBO DESENHADO NO PRÓPRIO NÓ (NÓ63.1: anel de ponta/toco) | AC20: 5.8.36 | AD20: =CONCATENATE($C20,$I20,$H20,$N20,$J20,$K20) -> TUBO PEADPEAD110VCAREDESZona01 | AE20: =IFERROR(INDEX(APOIO_REDES!$A:$W,MATCH($C20&$I20&$H20&$N20&$O20,APOIO_REDES!$W:$W,0),MATCH(AE$5,APOIO_REDES!$5:$5,0)),0) -> 1.2 | AF20: =IFERROR(INDEX(APOIO_REDES!$A:$W,MATCH($C20&$I20&$H20&$N20&$O20,APOIO_REDES!$W:$W,0),MATCH(AF$5,APOIO_REDES!$5:$5,0)),0) -> 1.41 | AG20: =IFERROR(INDEX(APOIO_REDES!$A:$W,MATCH($C20&$I20&$H20&$N20&$O20,APOIO_REDES!$W:$W,0),MATCH(AG$5,APOIO_REDES!$5:$5,0)),0) -> 0.75 | AH20: =IFERROR(INDEX(APOIO_REDES!$A:$W,MATCH($C20&$I20&$H20&$N20&$O20,APOIO_REDES!$W:$W,0),MATCH(AH$5,APOIO_REDES!$5:$5,0)),0) -> 0.1 | AI20: =IFERROR(IF($H20<>"",(((($H20/1000)/2)^2)*PI()*$M20),0),0) -> 1.6079614 | AJ20: =IFERROR(IF(AND($H20<>"",$I20="FoFo",OR($N20="MND",$N20="VCA"),$Q20="LINEAR"),0,IF(AND($H20<>"",$I20="PEAD",$N20="VCA",$Q20="LINEAR"),($H20/1000)+0.3,IF(AND($H20<>"",$I20="PEAD",$N20="MND",$Q20="EMBOQUE"),0,IF(AND($H20<>"",$I20="PVC",$N20="VCA",$Q20="LINEAR"),($H20/1000)+0.2,IF(AND($H20<>"",$I20="PVC",$N20="MND",$Q20="EMBOQUE"),0,IF(AND($H20<>"",$I20="PEAD",$N20="VCA",$Q20="PREDIAL"),0,0)))))),0) -> 0.41 | AK20: =IF(AA20<>"",AA20,0) -> 1.8 | AL20: =IF(AND($N20="MND",$Q20="EMBOQUE"),$M20,IF(AND($N20="VCA",$Q20="LINEAR"),$M20,IF(AND($N20="VCA",$Q20="PREDIAL"),0,0))) -> 169.2 | AM20: =IF(AND($N20="MND",$Q20="EMBOQUE"),$M20,IF(AND($N20="VCA",$Q20="LINEAR"),$M20,IF(AND($N20="VCA",$Q20="PREDIAL"),0,0))) -> 169.2 | AN20: =ROUND(IF(AND($N20="VCA",$M20<>"",$Q20="LINEAR"),$M20/100,IF(AND($N20="MND",$M20>100,$Q20="EMBOQUE"),$M20/100,0)),0) -> 2 | AO20: =IF(AND($N20="MND",$Q20="EMBOQUE"),$AN20*2*2,IF(AND($N20="VCA",$Q20="LINEAR"),$M20*2,IF(AND($N20="VCA",$Q20="PREDIAL"),0,0))) -> 338.4 | AP20: =IFERROR($M20*$AF20*$AG20,0) -> 178.929 | AQ20: =IFERROR(IF(AND($N20="VCA",$AH20>0),$M20*$AG20*$AH20,0),0) -> 12.69 | AR20: =IFERROR(IF(AND($N20="VCA",$AJ20>0),($M20*$AG20*$AJ20)-$AI20,0),0) -> 50.421039 | AS20: =IFERROR(IF(AND($N20="VCA",$AP20>0),$AP20-$AI20-$AQ20-$AR20,0),0) -> 114.21 | AT20: =IFERROR(IF($N20="VCA",INDEX(APOIO_REDES!$A:$W,MATCH($C20&$I20&$H20&$N20&$O20,APOIO_REDES!$W:$W,0),MATCH(AT$5,APOIO_REDES!$5:$5,0)),0)*$AP20,0) -> 1.9468005 | AU20: =IFERROR(IF($N20="VCA",INDEX(APOIO_REDES!$A:$W,MATCH($C20&$I20&$H20&$N20&$O20,APOIO_REDES!$W:$W,0),MATCH(AU$5,APOIO_REDES!$5:$5,0)),0)*$AP20,0) -> 1.5546621 | AV20: =IFERROR(IF($N20="VCA",INDEX(APOIO_REDES!$A:$W,MATCH($C20&$I20&$H20&$N20&$O20,APOIO_REDES!$W:$W,0),MATCH(AV$5,APOIO_REDES!$5:$5,0)),0)*$AP20,0) -> 0.21515304 | AW20: =IFERROR(IF($N20="VCA",INDEX(APOIO_REDES!$A:$W,MATCH($C20&$I20&$H20&$N20&$O20,APOIO_REDES!$W:$W,0),MATCH(AW$5,APOIO_REDES!$5:$5,0)),0)*$AP20,0) -> 122.81825 | AX20: =IFERROR(IF($N20="VCA",INDEX(APOIO_REDES!$A:$W,MATCH($C20&$I20&$H20&$N20&$O20,APOIO_REDES!$W:$W,0),MATCH(AX$5,APOIO_REDES!$5:$5,0)),0)*$AP20,0) -> 16.997696 | AY20: =IFERROR(IF($N20="VCA",INDEX(APOIO_REDES!$A:$W,MATCH($C20&$I20&$H20&$N20&$O20,APOIO_REDES!$W:$W,0),MATCH(AY$5,APOIO_REDES!$5:$5,0)),0)*$AP20,0) -> 31.093224 | AZ20: =IFERROR(IF($N20="VCA",INDEX(APOIO_REDES!$A:$W,MATCH($C20&$I20&$H20&$N20&$O20,APOIO_REDES!$W:$W,0),MATCH(AZ$5,APOIO_REDES!$5:$5,0)),0)*$AP20,0) -> 4.3032123 | BA20: =IFERROR(IF(AND($N20="VCA",$Q20="LINEAR"),INDEX(APOIO_REDES!$A:$W,MATCH($C20&$I20&$H20&$N20&$O20,APOIO_REDES!$W:$W,0),MATCH(BA$5,APOIO_REDES!$5:$5,0)),IF(AND($N20="MND",$Q20="EMBOQUE"),INDEX(APOIO_REDES!$A:$W,MATCH($C20&$I20&$H20&$N20&$O20,APOIO_REDES!$W:$W,0),MATCH(BA$5,APOIO_REDES!$5:$5,0)),0))*$M20/10,0) -> 13.637093 | BB20: =IFERROR(IF($N20="VCA",INDEX(APOIO_REDES!$A:$W,MATCH($C20&$I20&$H20&$N20&$O20,APOIO_REDES!$W:$W,0),MATCH(BB$5,APOIO_REDES!$5:$5,0)),0)*($AI20+$AQ20+$AR20),0) -> 64.014838 | BC20: =IFERROR(IF($N20="VCA",INDEX(APOIO_REDES!$A:$W,MATCH($C20&$I20&$H20&$N20&$O20,APOIO_REDES!$W:$W,0),MATCH(BC$5,APOIO_REDES!$5:$5,0)),0)*($AI20+$AQ20+$AR20),0) -> 0.70416188 | BD20: =IF(AND($N20="VCA",$AF20>=1.25,$AF20<1.5),$M20*$AF20*2,0) -> 477.144 | BE20: =IF(AND($N20="VCA",$AF20>=1.5,$AF20<3),$M20*$AF20*2,0) -> 0 | BF20: =IF(AND($N20="VCA",$AF20>=3),$M20*$AF20*2,0) -> 0 | BG20: =($BB20+$BC20)*$AK20 -> 116.4942 | BH20: =IF(AND($M20<>"",$N20="VCA",$Q20="LINEAR"),($M20*2)/100,IF(AND($M20<>"",$N20="MND",$Q20="EMBOQUE"),($AN20*2)/100,0)) -> 3.384 | BI20: =IF(AND($M20<>"",$N20="VCA",$Q20="LINEAR"),$M20,IF(AND($M20<>"",$N20="MND",$Q20="EMBOQUE"),$AN20*2,0)) -> 169.2 | BJ20: =IF(AND($M20<>"",$N20="VCA",$Q20="LINEAR"),($M20*6.8)/100,IF(AND($M20<>"",$N20="MND",$Q20="EMBOQUE"),($AN20*2*6.8)/100,0)) -> 11.5056 | BK20: =IF(AND($M20<>"",$N20="VCA",$Q20="LINEAR"),($M20*2.5)/50,IF(AND($M20<>"",$N20="MND",$Q20="EMBOQUE"),($AN20*2*2.5)/50,0)) -> 8.46 | BL20: =K20&J20 -> Zona01REDES | BM20: EQUIPE ZONA 01 | BN20: Rede | BO20: PB01 | BP20: Zona01_PB01_Rede_NÓ63.1 | BQ20: Zona01_PB01_Rede_NÓ107.2 | BR20: B4D9, B4DC | BS20: 203466.87 | BT20: 8239095 | BU20: 203576.72 | BV20: 8239179.9 | BW20: -15.909475 | BX20: -47.768844 | BY20: Zona01_PB01_Rede_NÓ63.1
A21: =IF(C21<>"",ROW(A16),"") -> 16 | B21: =HYPERLINK("https://www.google.com/maps/dir/-15.917302,-47.760003/-15.9101207,-47.7688223/data=!4m3!4m2!3e0!5i0") -> https://www.google.com/maps/dir/-15.917302,-47.760003/-15.9101207,-47.7688223/data=!4m3!4m2!3e0!5i0 | C21: TUBO PEAD | D21: PN10 | E21: PE100 | F21: TUBO PEAD | G21: ELETROFUSÃO | H21: 110 | I21: PEAD | J21: REDES | K21: Zona01 | L21: M | M21: =197.24 -> 197.24 | N21: VCA | O21: VIA | P21: REDE | Q21: LINEAR | R21: Zona01_PB01_Rede_TR016 | S21: SECUNDÁRIA | T21: A.RED.SSB-D014.V03.T01.002/037 | U21: =RIGHT(T21,7) -> 002/037 | V21: REVISÃO 08 | W21: 45882 | X21: ST BAIRRO RESID VITÓRIA | Z21: S/DEFINIÇÃO | AA21: 1.8 | AB21: TRECHO DE Zona01_PB01_Rede_NÓ107.1 A Zona01_PB01_Rede_NÓ113.1 | AC21: 5.8.36 | AD21: =CONCATENATE($C21,$I21,$H21,$N21,$J21,$K21) -> TUBO PEADPEAD110VCAREDESZona01 | AE21: =IFERROR(INDEX(APOIO_REDES!$A:$W,MATCH($C21&$I21&$H21&$N21&$O21,APOIO_REDES!$W:$W,0),MATCH(AE$5,APOIO_REDES!$5:$5,0)),0) -> 1.2 | AF21: =IFERROR(INDEX(APOIO_REDES!$A:$W,MATCH($C21&$I21&$H21&$N21&$O21,APOIO_REDES!$W:$W,0),MATCH(AF$5,APOIO_REDES!$5:$5,0)),0) -> 1.41 | AG21: =IFERROR(INDEX(APOIO_REDES!$A:$W,MATCH($C21&$I21&$H21&$N21&$O21,APOIO_REDES!$W:$W,0),MATCH(AG$5,APOIO_REDES!$5:$5,0)),0) -> 0.75 | AH21: =IFERROR(INDEX(APOIO_REDES!$A:$W,MATCH($C21&$I21&$H21&$N21&$O21,APOIO_REDES!$W:$W,0),MATCH(AH$5,APOIO_REDES!$5:$5,0)),0) -> 0.1 | AI21: =IFERROR(IF($H21<>"",(((($H21/1000)/2)^2)*PI()*$M21),0),0) -> 1.8744344 | AJ21: =IFERROR(IF(AND($H21<>"",$I21="FoFo",OR($N21="MND",$N21="VCA"),$Q21="LINEAR"),0,IF(AND($H21<>"",$I21="PEAD",$N21="VCA",$Q21="LINEAR"),($H21/1000)+0.3,IF(AND($H21<>"",$I21="PEAD",$N21="MND",$Q21="EMBOQUE"),0,IF(AND($H21<>"",$I21="PVC",$N21="VCA",$Q21="LINEAR"),($H21/1000)+0.2,IF(AND($H21<>"",$I21="PVC",$N21="MND",$Q21="EMBOQUE"),0,IF(AND($H21<>"",$I21="PEAD",$N21="VCA",$Q21="PREDIAL"),0,0)))))),0) -> 0.41 | AK21: =IF(AA21<>"",AA21,0) -> 1.8 | AL21: =IF(AND($N21="MND",$Q21="EMBOQUE"),$M21,IF(AND($N21="VCA",$Q21="LINEAR"),$M21,IF(AND($N21="VCA",$Q21="PREDIAL"),0,0))) -> 197.24 | AM21: =IF(AND($N21="MND",$Q21="EMBOQUE"),$M21,IF(AND($N21="VCA",$Q21="LINEAR"),$M21,IF(AND($N21="VCA",$Q21="PREDIAL"),0,0))) -> 197.24 | AN21: =ROUND(IF(AND($N21="VCA",$M21<>"",$Q21="LINEAR"),$M21/100,IF(AND($N21="MND",$M21>100,$Q21="EMBOQUE"),$M21/100,0)),0) -> 2 | AO21: =IF(AND($N21="MND",$Q21="EMBOQUE"),$AN21*2*2,IF(AND($N21="VCA",$Q21="LINEAR"),$M21*2,IF(AND($N21="VCA",$Q21="PREDIAL"),0,0))) -> 394.48 | AP21: =IFERROR($M21*$AF21*$AG21,0) -> 208.5813 | AQ21: =IFERROR(IF(AND($N21="VCA",$AH21>0),$M21*$AG21*$AH21,0),0) -> 14.793 | AR21: =IFERROR(IF(AND($N21="VCA",$AJ21>0),($M21*$AG21*$AJ21)-$AI21,0),0) -> 58.776866 | AS21: =IFERROR(IF(AND($N21="VCA",$AP21>0),$AP21-$AI21-$AQ21-$AR21,0),0) -> 133.137 | AT21: =IFERROR(IF($N21="VCA",INDEX(APOIO_REDES!$A:$W,MATCH($C21&$I21&$H21&$N21&$O21,APOIO_REDES!$W:$W,0),MATCH(AT$5,APOIO_REDES!$5:$5,0)),0)*$AP21,0) -> 2.2694263 | AU21: =IFERROR(IF($N21="VCA",INDEX(APOIO_REDES!$A:$W,MATCH($C21&$I21&$H21&$N21&$O21,APOIO_REDES!$W:$W,0),MATCH(AU$5,APOIO_REDES!$5:$5,0)),0)*$AP21,0) -> 1.8123024 | AV21: =IFERROR(IF($N21="VCA",INDEX(APOIO_REDES!$A:$W,MATCH($C21&$I21&$H21&$N21&$O21,APOIO_REDES!$W:$W,0),MATCH(AV$5,APOIO_REDES!$5:$5,0)),0)*$AP21,0) -> 0.25080842 | AW21: =IFERROR(IF($N21="VCA",INDEX(APOIO_REDES!$A:$W,MATCH($C21&$I21&$H21&$N21&$O21,APOIO_REDES!$W:$W,0),MATCH(AW$5,APOIO_REDES!$5:$5,0)),0)*$AP21,0) -> 143.17182 | AX21: =IFERROR(IF($N21="VCA",INDEX(APOIO_REDES!$A:$W,MATCH($C21&$I21&$H21&$N21&$O21,APOIO_REDES!$W:$W,0),MATCH(AX$5,APOIO_REDES!$5:$5,0)),0)*$AP21,0) -> 19.814572 | AY21: =IFERROR(IF($N21="VCA",INDEX(APOIO_REDES!$A:$W,MATCH($C21&$I21&$H21&$N21&$O21,APOIO_REDES!$W:$W,0),MATCH(AY$5,APOIO_REDES!$5:$5,0)),0)*$AP21,0) -> 36.246025 | AZ21: =IFERROR(IF($N21="VCA",INDEX(APOIO_REDES!$A:$W,MATCH($C21&$I21&$H21&$N21&$O21,APOIO_REDES!$W:$W,0),MATCH(AZ$5,APOIO_REDES!$5:$5,0)),0)*$AP21,0) -> 5.0163451 | BA21: =IFERROR(IF(AND($N21="VCA",$Q21="LINEAR"),INDEX(APOIO_REDES!$A:$W,MATCH($C21&$I21&$H21&$N21&$O21,APOIO_REDES!$W:$W,0),MATCH(BA$5,APOIO_REDES!$5:$5,0)),IF(AND($N21="MND",$Q21="EMBOQUE"),INDEX(APOIO_REDES!$A:$W,MATCH($C21&$I21&$H21&$N21&$O21,APOIO_REDES!$W:$W,0),MATCH(BA$5,APOIO_REDES!$5:$5,0)),0))*$M21/10,0) -> 15.897046 | BB21: =IFERROR(IF($N21="VCA",INDEX(APOIO_REDES!$A:$W,MATCH($C21&$I21&$H21&$N21&$O21,APOIO_REDES!$W:$W,0),MATCH(BB$5,APOIO_REDES!$5:$5,0)),0)*($AI21+$AQ21+$AR21),0) -> 74.623444 | BC21: =IFERROR(IF($N21="VCA",INDEX(APOIO_REDES!$A:$W,MATCH($C21&$I21&$H21&$N21&$O21,APOIO_REDES!$W:$W,0),MATCH(BC$5,APOIO_REDES!$5:$5,0)),0)*($AI21+$AQ21+$AR21),0) -> 0.82085631 | BD21: =IF(AND($N21="VCA",$AF21>=1.25,$AF21<1.5),$M21*$AF21*2,0) -> 556.2168 | BE21: =IF(AND($N21="VCA",$AF21>=1.5,$AF21<3),$M21*$AF21*2,0) -> 0 | BF21: =IF(AND($N21="VCA",$AF21>=3),$M21*$AF21*2,0) -> 0 | BG21: =($BB21+$BC21)*$AK21 -> 135.79974 | BH21: =IF(AND($M21<>"",$N21="VCA",$Q21="LINEAR"),($M21*2)/100,IF(AND($M21<>"",$N21="MND",$Q21="EMBOQUE"),($AN21*2)/100,0)) -> 3.9448 | BI21: =IF(AND($M21<>"",$N21="VCA",$Q21="LINEAR"),$M21,IF(AND($M21<>"",$N21="MND",$Q21="EMBOQUE"),$AN21*2,0)) -> 197.24 | BJ21: =IF(AND($M21<>"",$N21="VCA",$Q21="LINEAR"),($M21*6.8)/100,IF(AND($M21<>"",$N21="MND",$Q21="EMBOQUE"),($AN21*2*6.8)/100,0)) -> 13.41232 | BK21: =IF(AND($M21<>"",$N21="VCA",$Q21="LINEAR"),($M21*2.5)/50,IF(AND($M21<>"",$N21="MND",$Q21="EMBOQUE"),($AN21*2*2.5)/50,0)) -> 9.862 | BL21: =K21&J21 -> Zona01REDES | BM21: EQUIPE ZONA 01 | BN21: Rede | BO21: PB01 | BP21: Zona01_PB01_Rede_NÓ107.1 | BQ21: Zona01_PB01_Rede_NÓ113.1 | BR21: B4D3, B4D6 | BS21: 203528.56 | BT21: 8239041.7 | BU21: 203675.72 | BV21: 8239042.3 | BW21: -15.909621 | BX21: -47.768202 | BY21: Zona01_PB01_Rede_NÓ107.1
A22: =IF(C22<>"",ROW(A17),"") -> 17 | B22: =HYPERLINK("https://www.google.com/maps/dir/-15.917302,-47.760003/-15.9093459,-47.7702693/data=!4m3!4m2!3e0!5i0") -> https://www.google.com/maps/dir/-15.917302,-47.760003/-15.9093459,-47.7702693/data=!4m3!4m2!3e0!5i0 | C22: TUBO PEAD | D22: PN10 | E22: PE100 | F22: TUBO PEAD | G22: ELETROFUSÃO | H22: 63 | I22: PEAD | J22: REDES | K22: Zona01 | L22: M | M22: =89.22+0.42 -> 89.64 | N22: VCA | O22: VIA | P22: REDE | Q22: LINEAR | R22: Zona01_PB01_Rede_TR017 | S22: TERCIÁRIA | T22: A.RED.SSB-D014.V03.T01.002/037 | U22: =RIGHT(T22,7) -> 002/037 | V22: REVISÃO 08 | W22: 45882 | X22: ST BAIRRO RESID VITÓRIA | Z22: S/DEFINIÇÃO | AA22: 1.9 | AB22: TRECHO DE Zona01_PB01_Rede_NÓ1.3 A Zona01_PB01_Rede_NÓ57.3; INCLUI 0,42 M DE TUBO DESENHADO NO PRÓPRIO NÓ (NÓ57.3: anel de ponta/toco) | AC22: 5.8.44 | AD22: =CONCATENATE($C22,$I22,$H22,$N22,$J22,$K22) -> TUBO PEADPEAD63VCAREDESZona01 | AE22: =IFERROR(INDEX(APOIO_REDES!$A:$W,MATCH($C22&$I22&$H22&$N22&$O22,APOIO_REDES!$W:$W,0),MATCH(AE$5,APOIO_REDES!$5:$5,0)),0) -> 1.2 | AF22: =IFERROR(INDEX(APOIO_REDES!$A:$W,MATCH($C22&$I22&$H22&$N22&$O22,APOIO_REDES!$W:$W,0),MATCH(AF$5,APOIO_REDES!$5:$5,0)),0) -> 1.363 | AG22: =IFERROR(INDEX(APOIO_REDES!$A:$W,MATCH($C22&$I22&$H22&$N22&$O22,APOIO_REDES!$W:$W,0),MATCH(AG$5,APOIO_REDES!$5:$5,0)),0) -> 0.65 | AH22: =IFERROR(INDEX(APOIO_REDES!$A:$W,MATCH($C22&$I22&$H22&$N22&$O22,APOIO_REDES!$W:$W,0),MATCH(AH$5,APOIO_REDES!$5:$5,0)),0) -> 0.1 | AI22: =IFERROR(IF($H22<>"",(((($H22/1000)/2)^2)*PI()*$M22),0),0) -> 0.27942987 | AJ22: =IFERROR(IF(AND($H22<>"",$I22="FoFo",OR($N22="MND",$N22="VCA"),$Q22="LINEAR"),0,IF(AND($H22<>"",$I22="PEAD",$N22="VCA",$Q22="LINEAR"),($H22/1000)+0.3,IF(AND($H22<>"",$I22="PEAD",$N22="MND",$Q22="EMBOQUE"),0,IF(AND($H22<>"",$I22="PVC",$N22="VCA",$Q22="LINEAR"),($H22/1000)+0.2,IF(AND($H22<>"",$I22="PVC",$N22="MND",$Q22="EMBOQUE"),0,IF(AND($H22<>"",$I22="PEAD",$N22="VCA",$Q22="PREDIAL"),0,0)))))),0) -> 0.363 | AK22: =IF(AA22<>"",AA22,0) -> 1.9 | AL22: =IF(AND($N22="MND",$Q22="EMBOQUE"),$M22,IF(AND($N22="VCA",$Q22="LINEAR"),$M22,IF(AND($N22="VCA",$Q22="PREDIAL"),0,0))) -> 89.64 | AM22: =IF(AND($N22="MND",$Q22="EMBOQUE"),$M22,IF(AND($N22="VCA",$Q22="LINEAR"),$M22,IF(AND($N22="VCA",$Q22="PREDIAL"),0,0))) -> 89.64 | AN22: =ROUND(IF(AND($N22="VCA",$M22<>"",$Q22="LINEAR"),$M22/100,IF(AND($N22="MND",$M22>100,$Q22="EMBOQUE"),$M22/100,0)),0) -> 1 | AO22: =IF(AND($N22="MND",$Q22="EMBOQUE"),$AN22*2*2,IF(AND($N22="VCA",$Q22="LINEAR"),$M22*2,IF(AND($N22="VCA",$Q22="PREDIAL"),0,0))) -> 179.28 | AP22: =IFERROR($M22*$AF22*$AG22,0) -> 79.416558 | AQ22: =IFERROR(IF(AND($N22="VCA",$AH22>0),$M22*$AG22*$AH22,0),0) -> 5.8266 | AR22: =IFERROR(IF(AND($N22="VCA",$AJ22>0),($M22*$AG22*$AJ22)-$AI22,0),0) -> 20.871128 | AS22: =IFERROR(IF(AND($N22="VCA",$AP22>0),$AP22-$AI22-$AQ22-$AR22,0),0) -> 52.4394 | AT22: =IFERROR(IF($N22="VCA",INDEX(APOIO_REDES!$A:$W,MATCH($C22&$I22&$H22&$N22&$O22,APOIO_REDES!$W:$W,0),MATCH(AT$5,APOIO_REDES!$5:$5,0)),0)*$AP22,0) -> 0.86407566 | AU22: =IFERROR(IF($N22="VCA",INDEX(APOIO_REDES!$A:$W,MATCH($C22&$I22&$H22&$N22&$O22,APOIO_REDES!$W:$W,0),MATCH(AU$5,APOIO_REDES!$5:$5,0)),0)*$AP22,0) -> 0.69002742 | AV22: =IFERROR(IF($N22="VCA",INDEX(APOIO_REDES!$A:$W,MATCH($C22&$I22&$H22&$N22&$O22,APOIO_REDES!$W:$W,0),MATCH(AV$5,APOIO_REDES!$5:$5,0)),0)*$AP22,0) -> 0.095494378 | AW22: =IFERROR(IF($N22="VCA",INDEX(APOIO_REDES!$A:$W,MATCH($C22&$I22&$H22&$N22&$O22,APOIO_REDES!$W:$W,0),MATCH(AW$5,APOIO_REDES!$5:$5,0)),0)*$AP22,0) -> 54.512141 | AX22: =IFERROR(IF($N22="VCA",INDEX(APOIO_REDES!$A:$W,MATCH($C22&$I22&$H22&$N22&$O22,APOIO_REDES!$W:$W,0),MATCH(AX$5,APOIO_REDES!$5:$5,0)),0)*$AP22,0) -> 7.544325 | AY22: =IFERROR(IF($N22="VCA",INDEX(APOIO_REDES!$A:$W,MATCH($C22&$I22&$H22&$N22&$O22,APOIO_REDES!$W:$W,0),MATCH(AY$5,APOIO_REDES!$5:$5,0)),0)*$AP22,0) -> 13.80054 | AZ22: =IFERROR(IF($N22="VCA",INDEX(APOIO_REDES!$A:$W,MATCH($C22&$I22&$H22&$N22&$O22,APOIO_REDES!$W:$W,0),MATCH(AZ$5,APOIO_REDES!$5:$5,0)),0)*$AP22,0) -> 1.9099548 | BA22: =IFERROR(IF(AND($N22="VCA",$Q22="LINEAR"),INDEX(APOIO_REDES!$A:$W,MATCH($C22&$I22&$H22&$N22&$O22,APOIO_REDES!$W:$W,0),MATCH(BA$5,APOIO_REDES!$5:$5,0)),IF(AND($N22="MND",$Q22="EMBOQUE"),INDEX(APOIO_REDES!$A:$W,MATCH($C22&$I22&$H22&$N22&$O22,APOIO_REDES!$W:$W,0),MATCH(BA$5,APOIO_REDES!$5:$5,0)),0))*$M22/10,0) -> 7.2247579 | BB22: =IFERROR(IF($N22="VCA",INDEX(APOIO_REDES!$A:$W,MATCH($C22&$I22&$H22&$N22&$O22,APOIO_REDES!$W:$W,0),MATCH(BB$5,APOIO_REDES!$5:$5,0)),0)*($AI22+$AQ22+$AR22),0) -> 26.683639 | BC22: =IFERROR(IF($N22="VCA",INDEX(APOIO_REDES!$A:$W,MATCH($C22&$I22&$H22&$N22&$O22,APOIO_REDES!$W:$W,0),MATCH(BC$5,APOIO_REDES!$5:$5,0)),0)*($AI22+$AQ22+$AR22),0) -> 0.29351946 | BD22: =IF(AND($N22="VCA",$AF22>=1.25,$AF22<1.5),$M22*$AF22*2,0) -> 244.35864 | BE22: =IF(AND($N22="VCA",$AF22>=1.5,$AF22<3),$M22*$AF22*2,0) -> 0 | BF22: =IF(AND($N22="VCA",$AF22>=3),$M22*$AF22*2,0) -> 0 | BG22: =($BB22+$BC22)*$AK22 -> 51.2566 | BH22: =IF(AND($M22<>"",$N22="VCA",$Q22="LINEAR"),($M22*2)/100,IF(AND($M22<>"",$N22="MND",$Q22="EMBOQUE"),($AN22*2)/100,0)) -> 1.7928 | BI22: =IF(AND($M22<>"",$N22="VCA",$Q22="LINEAR"),$M22,IF(AND($M22<>"",$N22="MND",$Q22="EMBOQUE"),$AN22*2,0)) -> 89.64 | BJ22: =IF(AND($M22<>"",$N22="VCA",$Q22="LINEAR"),($M22*6.8)/100,IF(AND($M22<>"",$N22="MND",$Q22="EMBOQUE"),($AN22*2*6.8)/100,0)) -> 6.09552 | BK22: =IF(AND($M22<>"",$N22="VCA",$Q22="LINEAR"),($M22*2.5)/50,IF(AND($M22<>"",$N22="MND",$Q22="EMBOQUE"),($AN22*2*2.5)/50,0)) -> 4.482 | BL22: =K22&J22 -> Zona01REDES | BM22: EQUIPE ZONA 01 | BN22: Rede | BO22: PB01 | BP22: Zona01_PB01_Rede_NÓ1.3 | BQ22: Zona01_PB01_Rede_NÓ57.3 | BR22: 5FD1B, B0F8 | BS22: 203372.38 | BT22: 8239125.4 | BU22: 203441.63 | BV22: 8239069.3 | BW22: -15.909612 | BX22: -47.769957 | BY22: Zona01_PB01_Rede_NÓ1.3
A23: =IF(C23<>"",ROW(A18),"") -> 18 | B23: =HYPERLINK("https://www.google.com/maps/dir/-15.917302,-47.760003/-15.9095214,-47.7705312/data=!4m3!4m2!3e0!5i0") -> https://www.google.com/maps/dir/-15.917302,-47.760003/-15.9095214,-47.7705312/data=!4m3!4m2!3e0!5i0 | C23: TUBO PEAD | D23: PN10 | E23: PE100 | F23: TUBO PEAD | G23: ELETROFUSÃO | H23: 63 | I23: PEAD | J23: REDES | K23: Zona01 | L23: M | M23: =27.43 -> 27.43 | N23: VCA | O23: VIA | P23: REDE | Q23: LINEAR | R23: Zona01_PB01_Rede_TR018 | S23: TERCIÁRIA | T23: A.RED.SSB-D014.V03.T01.002/037 | U23: =RIGHT(T23,7) -> 002/037 | V23: REVISÃO 08 | W23: 45882 | X23: ST BAIRRO RESID VITÓRIA | Z23: S/DEFINIÇÃO | AA23: 1.9 | AB23: TRECHO DE Zona01_PB01_Rede_NÓ1.2 A Zona01_PB01_Rede_NÓ2.4 | AC23: 5.8.44 | AD23: =CONCATENATE($C23,$I23,$H23,$N23,$J23,$K23) -> TUBO PEADPEAD63VCAREDESZona01 | AE23: =IFERROR(INDEX(APOIO_REDES!$A:$W,MATCH($C23&$I23&$H23&$N23&$O23,APOIO_REDES!$W:$W,0),MATCH(AE$5,APOIO_REDES!$5:$5,0)),0) -> 1.2 | AF23: =IFERROR(INDEX(APOIO_REDES!$A:$W,MATCH($C23&$I23&$H23&$N23&$O23,APOIO_REDES!$W:$W,0),MATCH(AF$5,APOIO_REDES!$5:$5,0)),0) -> 1.363 | AG23: =IFERROR(INDEX(APOIO_REDES!$A:$W,MATCH($C23&$I23&$H23&$N23&$O23,APOIO_REDES!$W:$W,0),MATCH(AG$5,APOIO_REDES!$5:$5,0)),0) -> 0.65 | AH23: =IFERROR(INDEX(APOIO_REDES!$A:$W,MATCH($C23&$I23&$H23&$N23&$O23,APOIO_REDES!$W:$W,0),MATCH(AH$5,APOIO_REDES!$5:$5,0)),0) -> 0.1 | AI23: =IFERROR(IF($H23<>"",(((($H23/1000)/2)^2)*PI()*$M23),0),0) -> 0.085506039 | AJ23: =IFERROR(IF(AND($H23<>"",$I23="FoFo",OR($N23="MND",$N23="VCA"),$Q23="LINEAR"),0,IF(AND($H23<>"",$I23="PEAD",$N23="VCA",$Q23="LINEAR"),($H23/1000)+0.3,IF(AND($H23<>"",$I23="PEAD",$N23="MND",$Q23="EMBOQUE"),0,IF(AND($H23<>"",$I23="PVC",$N23="VCA",$Q23="LINEAR"),($H23/1000)+0.2,IF(AND($H23<>"",$I23="PVC",$N23="MND",$Q23="EMBOQUE"),0,IF(AND($H23<>"",$I23="PEAD",$N23="VCA",$Q23="PREDIAL"),0,0)))))),0) -> 0.363 | AK23: =IF(AA23<>"",AA23,0) -> 1.9 | AL23: =IF(AND($N23="MND",$Q23="EMBOQUE"),$M23,IF(AND($N23="VCA",$Q23="LINEAR"),$M23,IF(AND($N23="VCA",$Q23="PREDIAL"),0,0))) -> 27.43 | AM23: =IF(AND($N23="MND",$Q23="EMBOQUE"),$M23,IF(AND($N23="VCA",$Q23="LINEAR"),$M23,IF(AND($N23="VCA",$Q23="PREDIAL"),0,0))) -> 27.43 | AN23: =ROUND(IF(AND($N23="VCA",$M23<>"",$Q23="LINEAR"),$M23/100,IF(AND($N23="MND",$M23>100,$Q23="EMBOQUE"),$M23/100,0)),0) -> 0 | AO23: =IF(AND($N23="MND",$Q23="EMBOQUE"),$AN23*2*2,IF(AND($N23="VCA",$Q23="LINEAR"),$M23*2,IF(AND($N23="VCA",$Q23="PREDIAL"),0,0))) -> 54.86 | AP23: =IFERROR($M23*$AF23*$AG23,0) -> 24.301609 | AQ23: =IFERROR(IF(AND($N23="VCA",$AH23>0),$M23*$AG23*$AH23,0),0) -> 1.78295 | AR23: =IFERROR(IF(AND($N23="VCA",$AJ23>0),($M23*$AG23*$AJ23)-$AI23,0),0) -> 6.3866025 | AS23: =IFERROR(IF(AND($N23="VCA",$AP23>0),$AP23-$AI23-$AQ23-$AR23,0),0) -> 16.04655 | AT23: =IFERROR(IF($N23="VCA",INDEX(APOIO_REDES!$A:$W,MATCH($C23&$I23&$H23&$N23&$O23,APOIO_REDES!$W:$W,0),MATCH(AT$5,APOIO_REDES!$5:$5,0)),0)*$AP23,0) -> 0.26440869 | AU23: =IFERROR(IF($N23="VCA",INDEX(APOIO_REDES!$A:$W,MATCH($C23&$I23&$H23&$N23&$O23,APOIO_REDES!$W:$W,0),MATCH(AU$5,APOIO_REDES!$5:$5,0)),0)*$AP23,0) -> 0.21114962 | AV23: =IFERROR(IF($N23="VCA",INDEX(APOIO_REDES!$A:$W,MATCH($C23&$I23&$H23&$N23&$O23,APOIO_REDES!$W:$W,0),MATCH(AV$5,APOIO_REDES!$5:$5,0)),0)*$AP23,0) -> 0.02922145 | AW23: =IFERROR(IF($N23="VCA",INDEX(APOIO_REDES!$A:$W,MATCH($C23&$I23&$H23&$N23&$O23,APOIO_REDES!$W:$W,0),MATCH(AW$5,APOIO_REDES!$5:$5,0)),0)*$AP23,0) -> 16.680812 | AX23: =IFERROR(IF($N23="VCA",INDEX(APOIO_REDES!$A:$W,MATCH($C23&$I23&$H23&$N23&$O23,APOIO_REDES!$W:$W,0),MATCH(AX$5,APOIO_REDES!$5:$5,0)),0)*$AP23,0) -> 2.3085769 | AY23: =IFERROR(IF($N23="VCA",INDEX(APOIO_REDES!$A:$W,MATCH($C23&$I23&$H23&$N23&$O23,APOIO_REDES!$W:$W,0),MATCH(AY$5,APOIO_REDES!$5:$5,0)),0)*$AP23,0) -> 4.2229899 | AZ23: =IFERROR(IF($N23="VCA",INDEX(APOIO_REDES!$A:$W,MATCH($C23&$I23&$H23&$N23&$O23,APOIO_REDES!$W:$W,0),MATCH(AZ$5,APOIO_REDES!$5:$5,0)),0)*$AP23,0) -> 0.58444959 | BA23: =IFERROR(IF(AND($N23="VCA",$Q23="LINEAR"),INDEX(APOIO_REDES!$A:$W,MATCH($C23&$I23&$H23&$N23&$O23,APOIO_REDES!$W:$W,0),MATCH(BA$5,APOIO_REDES!$5:$5,0)),IF(AND($N23="MND",$Q23="EMBOQUE"),INDEX(APOIO_REDES!$A:$W,MATCH($C23&$I23&$H23&$N23&$O23,APOIO_REDES!$W:$W,0),MATCH(BA$5,APOIO_REDES!$5:$5,0)),0))*$M23/10,0) -> 2.2107888 | BB23: =IFERROR(IF($N23="VCA",INDEX(APOIO_REDES!$A:$W,MATCH($C23&$I23&$H23&$N23&$O23,APOIO_REDES!$W:$W,0),MATCH(BB$5,APOIO_REDES!$5:$5,0)),0)*($AI23+$AQ23+$AR23),0) -> 8.165241 | BC23: =IFERROR(IF($N23="VCA",INDEX(APOIO_REDES!$A:$W,MATCH($C23&$I23&$H23&$N23&$O23,APOIO_REDES!$W:$W,0),MATCH(BC$5,APOIO_REDES!$5:$5,0)),0)*($AI23+$AQ23+$AR23),0) -> 0.08981748 | BD23: =IF(AND($N23="VCA",$AF23>=1.25,$AF23<1.5),$M23*$AF23*2,0) -> 74.77418 | BE23: =IF(AND($N23="VCA",$AF23>=1.5,$AF23<3),$M23*$AF23*2,0) -> 0 | BF23: =IF(AND($N23="VCA",$AF23>=3),$M23*$AF23*2,0) -> 0 | BG23: =($BB23+$BC23)*$AK23 -> 15.684611 | BH23: =IF(AND($M23<>"",$N23="VCA",$Q23="LINEAR"),($M23*2)/100,IF(AND($M23<>"",$N23="MND",$Q23="EMBOQUE"),($AN23*2)/100,0)) -> 0.5486 | BI23: =IF(AND($M23<>"",$N23="VCA",$Q23="LINEAR"),$M23,IF(AND($M23<>"",$N23="MND",$Q23="EMBOQUE"),$AN23*2,0)) -> 27.43 | BJ23: =IF(AND($M23<>"",$N23="VCA",$Q23="LINEAR"),($M23*6.8)/100,IF(AND($M23<>"",$N23="MND",$Q23="EMBOQUE"),($AN23*2*6.8)/100,0)) -> 1.86524 | BK23: =IF(AND($M23<>"",$N23="VCA",$Q23="LINEAR"),($M23*2.5)/50,IF(AND($M23<>"",$N23="MND",$Q23="EMBOQUE"),($AN23*2*2.5)/50,0)) -> 1.3715 | BL23: =K23&J23 -> Zona01REDES | BM23: EQUIPE ZONA 01 | BN23: Rede | BO23: PB01 | BP23: Zona01_PB01_Rede_NÓ1.2 | BQ23: Zona01_PB01_Rede_NÓ2.4 | BR23: 5FD12 | BS23: 203344.58 | BT23: 8239105.6 | BU23: 203326.88 | BV23: 8239084.7 | BW23: -15.909615 | BX23: -47.770615 | BY23: Zona01_PB01_Rede_NÓ1.2
A24: =IF(C24<>"",ROW(A19),"") -> 19 | B24: =HYPERLINK("https://www.google.com/maps/dir/-15.917302,-47.760003/-15.9096640,-47.7694341/data=!4m3!4m2!3e0!5i0") -> https://www.google.com/maps/dir/-15.917302,-47.760003/-15.9096640,-47.7694341/data=!4m3!4m2!3e0!5i0 | C24: TUBO PEAD | D24: PN10 | E24: PE100 | F24: TUBO PEAD | G24: ELETROFUSÃO | H24: 63 | I24: PEAD | J24: REDES | K24: Zona01 | L24: M | M24: =5.71 -> 5.71 | N24: VCA | O24: VIA | P24: REDE | Q24: LINEAR | R24: Zona01_PB01_Rede_TR019 | S24: TERCIÁRIA | T24: A.RED.SSB-D014.V03.T01.002/037 | U24: =RIGHT(T24,7) -> 002/037 | V24: REVISÃO 08 | W24: 45882 | X24: ST BAIRRO RESID VITÓRIA | Z24: S/DEFINIÇÃO | AA24: 1.8 | AB24: TRECHO DE Zona01_PB01_Rede_NÓ92.1 A Zona01_PB01_Rede_NÓ63.1 | AC24: 5.8.44 | AD24: =CONCATENATE($C24,$I24,$H24,$N24,$J24,$K24) -> TUBO PEADPEAD63VCAREDESZona01 | AE24: =IFERROR(INDEX(APOIO_REDES!$A:$W,MATCH($C24&$I24&$H24&$N24&$O24,APOIO_REDES!$W:$W,0),MATCH(AE$5,APOIO_REDES!$5:$5,0)),0) -> 1.2 | AF24: =IFERROR(INDEX(APOIO_REDES!$A:$W,MATCH($C24&$I24&$H24&$N24&$O24,APOIO_REDES!$W:$W,0),MATCH(AF$5,APOIO_REDES!$5:$5,0)),0) -> 1.363 | AG24: =IFERROR(INDEX(APOIO_REDES!$A:$W,MATCH($C24&$I24&$H24&$N24&$O24,APOIO_REDES!$W:$W,0),MATCH(AG$5,APOIO_REDES!$5:$5,0)),0) -> 0.65 | AH24: =IFERROR(INDEX(APOIO_REDES!$A:$W,MATCH($C24&$I24&$H24&$N24&$O24,APOIO_REDES!$W:$W,0),MATCH(AH$5,APOIO_REDES!$5:$5,0)),0) -> 0.1 | AI24: =IFERROR(IF($H24<>"",(((($H24/1000)/2)^2)*PI()*$M24),0),0) -> 0.017799471 | AJ24: =IFERROR(IF(AND($H24<>"",$I24="FoFo",OR($N24="MND",$N24="VCA"),$Q24="LINEAR"),0,IF(AND($H24<>"",$I24="PEAD",$N24="VCA",$Q24="LINEAR"),($H24/1000)+0.3,IF(AND($H24<>"",$I24="PEAD",$N24="MND",$Q24="EMBOQUE"),0,IF(AND($H24<>"",$I24="PVC",$N24="VCA",$Q24="LINEAR"),($H24/1000)+0.2,IF(AND($H24<>"",$I24="PVC",$N24="MND",$Q24="EMBOQUE"),0,IF(AND($H24<>"",$I24="PEAD",$N24="VCA",$Q24="PREDIAL"),0,0)))))),0) -> 0.363 | AK24: =IF(AA24<>"",AA24,0) -> 1.8 | AL24: =IF(AND($N24="MND",$Q24="EMBOQUE"),$M24,IF(AND($N24="VCA",$Q24="LINEAR"),$M24,IF(AND($N24="VCA",$Q24="PREDIAL"),0,0))) -> 5.71 | AM24: =IF(AND($N24="MND",$Q24="EMBOQUE"),$M24,IF(AND($N24="VCA",$Q24="LINEAR"),$M24,IF(AND($N24="VCA",$Q24="PREDIAL"),0,0))) -> 5.71 | AN24: =ROUND(IF(AND($N24="VCA",$M24<>"",$Q24="LINEAR"),$M24/100,IF(AND($N24="MND",$M24>100,$Q24="EMBOQUE"),$M24/100,0)),0) -> 0 | AO24: =IF(AND($N24="MND",$Q24="EMBOQUE"),$AN24*2*2,IF(AND($N24="VCA",$Q24="LINEAR"),$M24*2,IF(AND($N24="VCA",$Q24="PREDIAL"),0,0))) -> 11.42 | AP24: =IFERROR($M24*$AF24*$AG24,0) -> 5.0587745 | AQ24: =IFERROR(IF(AND($N24="VCA",$AH24>0),$M24*$AG24*$AH24,0),0) -> 0.37115 | AR24: =IFERROR(IF(AND($N24="VCA",$AJ24>0),($M24*$AG24*$AJ24)-$AI24,0),0) -> 1.329475 | AS24: =IFERROR(IF(AND($N24="VCA",$AP24>0),$AP24-$AI24-$AQ24-$AR24,0),0) -> 3.34035 | AT24: =IFERROR(IF($N24="VCA",INDEX(APOIO_REDES!$A:$W,MATCH($C24&$I24&$H24&$N24&$O24,APOIO_REDES!$W:$W,0),MATCH(AT$5,APOIO_REDES!$5:$5,0)),0)*$AP24,0) -> 0.055040964 | AU24: =IFERROR(IF($N24="VCA",INDEX(APOIO_REDES!$A:$W,MATCH($C24&$I24&$H24&$N24&$O24,APOIO_REDES!$W:$W,0),MATCH(AU$5,APOIO_REDES!$5:$5,0)),0)*$AP24,0) -> 0.043954223 | AV24: =IFERROR(IF($N24="VCA",INDEX(APOIO_REDES!$A:$W,MATCH($C24&$I24&$H24&$N24&$O24,APOIO_REDES!$W:$W,0),MATCH(AV$5,APOIO_REDES!$5:$5,0)),0)*$AP24,0) -> 0.0060829194 | AW24: =IFERROR(IF($N24="VCA",INDEX(APOIO_REDES!$A:$W,MATCH($C24&$I24&$H24&$N24&$O24,APOIO_REDES!$W:$W,0),MATCH(AW$5,APOIO_REDES!$5:$5,0)),0)*$AP24,0) -> 3.472382 | AX24: =IFERROR(IF($N24="VCA",INDEX(APOIO_REDES!$A:$W,MATCH($C24&$I24&$H24&$N24&$O24,APOIO_REDES!$W:$W,0),MATCH(AX$5,APOIO_REDES!$5:$5,0)),0)*$AP24,0) -> 0.48056778 | AY24: =IFERROR(IF($N24="VCA",INDEX(APOIO_REDES!$A:$W,MATCH($C24&$I24&$H24&$N24&$O24,APOIO_REDES!$W:$W,0),MATCH(AY$5,APOIO_REDES!$5:$5,0)),0)*$AP24,0) -> 0.87908393 | AZ24: =IFERROR(IF($N24="VCA",INDEX(APOIO_REDES!$A:$W,MATCH($C24&$I24&$H24&$N24&$O24,APOIO_REDES!$W:$W,0),MATCH(AZ$5,APOIO_REDES!$5:$5,0)),0)*$AP24,0) -> 0.12166267 | BA24: =IFERROR(IF(AND($N24="VCA",$Q24="LINEAR"),INDEX(APOIO_REDES!$A:$W,MATCH($C24&$I24&$H24&$N24&$O24,APOIO_REDES!$W:$W,0),MATCH(BA$5,APOIO_REDES!$5:$5,0)),IF(AND($N24="MND",$Q24="EMBOQUE"),INDEX(APOIO_REDES!$A:$W,MATCH($C24&$I24&$H24&$N24&$O24,APOIO_REDES!$W:$W,0),MATCH(BA$5,APOIO_REDES!$5:$5,0)),0))*$M24/10,0) -> 0.4602116 | BB24: =IFERROR(IF($N24="VCA",INDEX(APOIO_REDES!$A:$W,MATCH($C24&$I24&$H24&$N24&$O24,APOIO_REDES!$W:$W,0),MATCH(BB$5,APOIO_REDES!$5:$5,0)),0)*($AI24+$AQ24+$AR24),0) -> 1.6997275 | BC24: =IFERROR(IF($N24="VCA",INDEX(APOIO_REDES!$A:$W,MATCH($C24&$I24&$H24&$N24&$O24,APOIO_REDES!$W:$W,0),MATCH(BC$5,APOIO_REDES!$5:$5,0)),0)*($AI24+$AQ24+$AR24),0) -> 0.018696967 | BD24: =IF(AND($N24="VCA",$AF24>=1.25,$AF24<1.5),$M24*$AF24*2,0) -> 15.56546 | BE24: =IF(AND($N24="VCA",$AF24>=1.5,$AF24<3),$M24*$AF24*2,0) -> 0 | BF24: =IF(AND($N24="VCA",$AF24>=3),$M24*$AF24*2,0) -> 0 | BG24: =($BB24+$BC24)*$AK24 -> 3.0931641 | BH24: =IF(AND($M24<>"",$N24="VCA",$Q24="LINEAR"),($M24*2)/100,IF(AND($M24<>"",$N24="MND",$Q24="EMBOQUE"),($AN24*2)/100,0)) -> 0.1142 | BI24: =IF(AND($M24<>"",$N24="VCA",$Q24="LINEAR"),$M24,IF(AND($M24<>"",$N24="MND",$Q24="EMBOQUE"),$AN24*2,0)) -> 5.71 | BJ24: =IF(AND($M24<>"",$N24="VCA",$Q24="LINEAR"),($M24*6.8)/100,IF(AND($M24<>"",$N24="MND",$Q24="EMBOQUE"),($AN24*2*6.8)/100,0)) -> 0.38828 | BK24: =IF(AND($M24<>"",$N24="VCA",$Q24="LINEAR"),($M24*2.5)/50,IF(AND($M24<>"",$N24="MND",$Q24="EMBOQUE"),($AN24*2*2.5)/50,0)) -> 0.2855 | BL24: =K24&J24 -> Zona01REDES | BM24: EQUIPE ZONA 01 | BN24: Rede | BO24: PB01 | BP24: Zona01_PB01_Rede_NÓ92.1 | BQ24: Zona01_PB01_Rede_NÓ63.1 | BR24: A5D6 | BS24: 203462.33 | BT24: 8239091.4 | BU24: 203466.6 | BV24: 8239095.2 | BW24: -15.909647 | BX24: -47.769414 | BY24: Zona01_PB01_Rede_NÓ92.1
A25: =IF(C25<>"",ROW(A20),"") -> 20 | B25: =HYPERLINK("https://www.google.com/maps/dir/-15.917302,-47.760003/-15.9097086,-47.7706989/data=!4m3!4m2!3e0!5i0") -> https://www.google.com/maps/dir/-15.917302,-47.760003/-15.9097086,-47.7706989/data=!4m3!4m2!3e0!5i0 | C25: TUBO PEAD | D25: PN10 | E25: PE100 | F25: TUBO PEAD | G25: ELETROFUSÃO | H25: 63 | I25: PEAD | J25: REDES | K25: Zona01 | L25: M | M25: =8.27 -> 8.27 | N25: VCA | O25: VIA | P25: REDE | Q25: LINEAR | R25: Zona01_PB01_Rede_TR020 | S25: TERCIÁRIA | T25: A.RED.SSB-D014.V03.T01.002/037 | U25: =RIGHT(T25,7) -> 002/037 | V25: REVISÃO 08 | W25: 45882 | X25: ST BAIRRO RESID VITÓRIA | Z25: S/DEFINIÇÃO | AA25: 1.9 | AB25: TRECHO DE Zona01_PB01_Rede_NÓ2.4 A Zona01_PB01_Rede_NÓ2.3 | AC25: 5.8.44 | AD25: =CONCATENATE($C25,$I25,$H25,$N25,$J25,$K25) -> TUBO PEADPEAD63VCAREDESZona01 | AE25: =IFERROR(INDEX(APOIO_REDES!$A:$W,MATCH($C25&$I25&$H25&$N25&$O25,APOIO_REDES!$W:$W,0),MATCH(AE$5,APOIO_REDES!$5:$5,0)),0) -> 1.2 | AF25: =IFERROR(INDEX(APOIO_REDES!$A:$W,MATCH($C25&$I25&$H25&$N25&$O25,APOIO_REDES!$W:$W,0),MATCH(AF$5,APOIO_REDES!$5:$5,0)),0) -> 1.363 | AG25: =IFERROR(INDEX(APOIO_REDES!$A:$W,MATCH($C25&$I25&$H25&$N25&$O25,APOIO_REDES!$W:$W,0),MATCH(AG$5,APOIO_REDES!$5:$5,0)),0) -> 0.65 | AH25: =IFERROR(INDEX(APOIO_REDES!$A:$W,MATCH($C25&$I25&$H25&$N25&$O25,APOIO_REDES!$W:$W,0),MATCH(AH$5,APOIO_REDES!$5:$5,0)),0) -> 0.1 | AI25: =IFERROR(IF($H25<>"",(((($H25/1000)/2)^2)*PI()*$M25),0),0) -> 0.025779619 | AJ25: =IFERROR(IF(AND($H25<>"",$I25="FoFo",OR($N25="MND",$N25="VCA"),$Q25="LINEAR"),0,IF(AND($H25<>"",$I25="PEAD",$N25="VCA",$Q25="LINEAR"),($H25/1000)+0.3,IF(AND($H25<>"",$I25="PEAD",$N25="MND",$Q25="EMBOQUE"),0,IF(AND($H25<>"",$I25="PVC",$N25="VCA",$Q25="LINEAR"),($H25/1000)+0.2,IF(AND($H25<>"",$I25="PVC",$N25="MND",$Q25="EMBOQUE"),0,IF(AND($H25<>"",$I25="PEAD",$N25="VCA",$Q25="PREDIAL"),0,0)))))),0) -> 0.363 | AK25: =IF(AA25<>"",AA25,0) -> 1.9 | AL25: =IF(AND($N25="MND",$Q25="EMBOQUE"),$M25,IF(AND($N25="VCA",$Q25="LINEAR"),$M25,IF(AND($N25="VCA",$Q25="PREDIAL"),0,0))) -> 8.27 | AM25: =IF(AND($N25="MND",$Q25="EMBOQUE"),$M25,IF(AND($N25="VCA",$Q25="LINEAR"),$M25,IF(AND($N25="VCA",$Q25="PREDIAL"),0,0))) -> 8.27 | AN25: =ROUND(IF(AND($N25="VCA",$M25<>"",$Q25="LINEAR"),$M25/100,IF(AND($N25="MND",$M25>100,$Q25="EMBOQUE"),$M25/100,0)),0) -> 0 | AO25: =IF(AND($N25="MND",$Q25="EMBOQUE"),$AN25*2*2,IF(AND($N25="VCA",$Q25="LINEAR"),$M25*2,IF(AND($N25="VCA",$Q25="PREDIAL"),0,0))) -> 16.54 | AP25: =IFERROR($M25*$AF25*$AG25,0) -> 7.3268065 | AQ25: =IFERROR(IF(AND($N25="VCA",$AH25>0),$M25*$AG25*$AH25,0),0) -> 0.53755 | AR25: =IFERROR(IF(AND($N25="VCA",$AJ25>0),($M25*$AG25*$AJ25)-$AI25,0),0) -> 1.9255269 | AS25: =IFERROR(IF(AND($N25="VCA",$AP25>0),$AP25-$AI25-$AQ25-$AR25,0),0) -> 4.83795 | AT25: =IFERROR(IF($N25="VCA",INDEX(APOIO_REDES!$A:$W,MATCH($C25&$I25&$H25&$N25&$O25,APOIO_REDES!$W:$W,0),MATCH(AT$5,APOIO_REDES!$5:$5,0)),0)*$AP25,0) -> 0.079717823 | AU25: =IFERROR(IF($N25="VCA",INDEX(APOIO_REDES!$A:$W,MATCH($C25&$I25&$H25&$N25&$O25,APOIO_REDES!$W:$W,0),MATCH(AU$5,APOIO_REDES!$5:$5,0)),0)*$AP25,0) -> 0.063660495 | AV25: =IFERROR(IF($N25="VCA",INDEX(APOIO_REDES!$A:$W,MATCH($C25&$I25&$H25&$N25&$O25,APOIO_REDES!$W:$W,0),MATCH(AV$5,APOIO_REDES!$5:$5,0)),0)*$AP25,0) -> 0.0088101127 | AW25: =IFERROR(IF($N25="VCA",INDEX(APOIO_REDES!$A:$W,MATCH($C25&$I25&$H25&$N25&$O25,APOIO_REDES!$W:$W,0),MATCH(AW$5,APOIO_REDES!$5:$5,0)),0)*$AP25,0) -> 5.0291768 | AX25: =IFERROR(IF($N25="VCA",INDEX(APOIO_REDES!$A:$W,MATCH($C25&$I25&$H25&$N25&$O25,APOIO_REDES!$W:$W,0),MATCH(AX$5,APOIO_REDES!$5:$5,0)),0)*$AP25,0) -> 0.69602374 | AY25: =IFERROR(IF($N25="VCA",INDEX(APOIO_REDES!$A:$W,MATCH($C25&$I25&$H25&$N25&$O25,APOIO_REDES!$W:$W,0),MATCH(AY$5,APOIO_REDES!$5:$5,0)),0)*$AP25,0) -> 1.2732091 | AZ25: =IFERROR(IF($N25="VCA",INDEX(APOIO_REDES!$A:$W,MATCH($C25&$I25&$H25&$N25&$O25,APOIO_REDES!$W:$W,0),MATCH(AZ$5,APOIO_REDES!$5:$5,0)),0)*$AP25,0) -> 0.17620846 | BA25: =IFERROR(IF(AND($N25="VCA",$Q25="LINEAR"),INDEX(APOIO_REDES!$A:$W,MATCH($C25&$I25&$H25&$N25&$O25,APOIO_REDES!$W:$W,0),MATCH(BA$5,APOIO_REDES!$5:$5,0)),IF(AND($N25="MND",$Q25="EMBOQUE"),INDEX(APOIO_REDES!$A:$W,MATCH($C25&$I25&$H25&$N25&$O25,APOIO_REDES!$W:$W,0),MATCH(BA$5,APOIO_REDES!$5:$5,0)),0))*$M25/10,0) -> 0.66654114 | BB25: =IFERROR(IF($N25="VCA",INDEX(APOIO_REDES!$A:$W,MATCH($C25&$I25&$H25&$N25&$O25,APOIO_REDES!$W:$W,0),MATCH(BB$5,APOIO_REDES!$5:$5,0)),0)*($AI25+$AQ25+$AR25),0) -> 2.461777 | BC25: =IFERROR(IF($N25="VCA",INDEX(APOIO_REDES!$A:$W,MATCH($C25&$I25&$H25&$N25&$O25,APOIO_REDES!$W:$W,0),MATCH(BC$5,APOIO_REDES!$5:$5,0)),0)*($AI25+$AQ25+$AR25),0) -> 0.027079495 | BD25: =IF(AND($N25="VCA",$AF25>=1.25,$AF25<1.5),$M25*$AF25*2,0) -> 22.54402 | BE25: =IF(AND($N25="VCA",$AF25>=1.5,$AF25<3),$M25*$AF25*2,0) -> 0 | BF25: =IF(AND($N25="VCA",$AF25>=3),$M25*$AF25*2,0) -> 0 | BG25: =($BB25+$BC25)*$AK25 -> 4.7288274 | BH25: =IF(AND($M25<>"",$N25="VCA",$Q25="LINEAR"),($M25*2)/100,IF(AND($M25<>"",$N25="MND",$Q25="EMBOQUE"),($AN25*2)/100,0)) -> 0.1654 | BI25: =IF(AND($M25<>"",$N25="VCA",$Q25="LINEAR"),$M25,IF(AND($M25<>"",$N25="MND",$Q25="EMBOQUE"),$AN25*2,0)) -> 8.27 | BJ25: =IF(AND($M25<>"",$N25="VCA",$Q25="LINEAR"),($M25*6.8)/100,IF(AND($M25<>"",$N25="MND",$Q25="EMBOQUE"),($AN25*2*6.8)/100,0)) -> 0.56236 | BK25: =IF(AND($M25<>"",$N25="VCA",$Q25="LINEAR"),($M25*2.5)/50,IF(AND($M25<>"",$N25="MND",$Q25="EMBOQUE"),($AN25*2*2.5)/50,0)) -> 0.4135 | BL25: =K25&J25 -> Zona01REDES | BM25: EQUIPE ZONA 01 | BN25: Rede | BO25: PB01 | BP25: Zona01_PB01_Rede_NÓ2.4 | BQ25: Zona01_PB01_Rede_NÓ2.3 | BR25: 5FD12 | BS25: 203326.88 | BT25: 8239084.7 | BU25: 203319.91 | BV25: 8239089.1 | BW25: -15.909688 | BX25: -47.770731 | BY25: Zona01_PB01_Rede_NÓ2.4
A26: =IF(C26<>"",ROW(A21),"") -> 21 | B26: =HYPERLINK("https://www.google.com/maps/dir/-15.917302,-47.760003/-15.9098606,-47.7696301/data=!4m3!4m2!3e0!5i0") -> https://www.google.com/maps/dir/-15.917302,-47.760003/-15.9098606,-47.7696301/data=!4m3!4m2!3e0!5i0 | C26: TUBO PEAD | D26: PN10 | E26: PE100 | F26: TUBO PEAD | G26: ELETROFUSÃO | H26: 90 | I26: PEAD | J26: REDES | K26: Zona01 | L26: M | M26: =30.27 -> 30.27 | N26: VCA | O26: VIA | P26: REDE | Q26: LINEAR | R26: Zona01_PB01_Rede_TR021 | S26: SECUNDÁRIA | T26: A.RED.SSB-D014.V03.T01.002/037 | U26: =RIGHT(T26,7) -> 002/037 | V26: REVISÃO 08 | W26: 45882 | X26: ST BAIRRO RESID VITÓRIA | Z26: S/DEFINIÇÃO | AA26: 1.8 | AB26: TRECHO DE Zona01_PB01_Rede_NÓ57.3 A Zona01_PB01_Rede_NÓ92.1 | AC26: 5.8.45 | AD26: =CONCATENATE($C26,$I26,$H26,$N26,$J26,$K26) -> TUBO PEADPEAD90VCAREDESZona01 | AE26: =IFERROR(INDEX(APOIO_REDES!$A:$W,MATCH($C26&$I26&$H26&$N26&$O26,APOIO_REDES!$W:$W,0),MATCH(AE$5,APOIO_REDES!$5:$5,0)),0) -> 1.2 | AF26: =IFERROR(INDEX(APOIO_REDES!$A:$W,MATCH($C26&$I26&$H26&$N26&$O26,APOIO_REDES!$W:$W,0),MATCH(AF$5,APOIO_REDES!$5:$5,0)),0) -> 1.39 | AG26: =IFERROR(INDEX(APOIO_REDES!$A:$W,MATCH($C26&$I26&$H26&$N26&$O26,APOIO_REDES!$W:$W,0),MATCH(AG$5,APOIO_REDES!$5:$5,0)),0) -> 0.75 | AH26: =IFERROR(INDEX(APOIO_REDES!$A:$W,MATCH($C26&$I26&$H26&$N26&$O26,APOIO_REDES!$W:$W,0),MATCH(AH$5,APOIO_REDES!$5:$5,0)),0) -> 0.1 | AI26: =IFERROR(IF($H26<>"",(((($H26/1000)/2)^2)*PI()*$M26),0),0) -> 0.19256942 | AJ26: =IFERROR(IF(AND($H26<>"",$I26="FoFo",OR($N26="MND",$N26="VCA"),$Q26="LINEAR"),0,IF(AND($H26<>"",$I26="PEAD",$N26="VCA",$Q26="LINEAR"),($H26/1000)+0.3,IF(AND($H26<>"",$I26="PEAD",$N26="MND",$Q26="EMBOQUE"),0,IF(AND($H26<>"",$I26="PVC",$N26="VCA",$Q26="LINEAR"),($H26/1000)+0.2,IF(AND($H26<>"",$I26="PVC",$N26="MND",$Q26="EMBOQUE"),0,IF(AND($H26<>"",$I26="PEAD",$N26="VCA",$Q26="PREDIAL"),0,0)))))),0) -> 0.39 | AK26: =IF(AA26<>"",AA26,0) -> 1.8 | AL26: =IF(AND($N26="MND",$Q26="EMBOQUE"),$M26,IF(AND($N26="VCA",$Q26="LINEAR"),$M26,IF(AND($N26="VCA",$Q26="PREDIAL"),0,0))) -> 30.27 | AM26: =IF(AND($N26="MND",$Q26="EMBOQUE"),$M26,IF(AND($N26="VCA",$Q26="LINEAR"),$M26,IF(AND($N26="VCA",$Q26="PREDIAL"),0,0))) -> 30.27 | AN26: =ROUND(IF(AND($N26="VCA",$M26<>"",$Q26="LINEAR"),$M26/100,IF(AND($N26="MND",$M26>100,$Q26="EMBOQUE"),$M26/100,0)),0) -> 0 | AO26: =IF(AND($N26="MND",$Q26="EMBOQUE"),$AN26*2*2,IF(AND($N26="VCA",$Q26="LINEAR"),$M26*2,IF(AND($N26="VCA",$Q26="PREDIAL"),0,0))) -> 60.54 | AP26: =IFERROR($M26*$AF26*$AG26,0) -> 31.556475 | AQ26: =IFERROR(IF(AND($N26="VCA",$AH26>0),$M26*$AG26*$AH26,0),0) -> 2.27025 | AR26: =IFERROR(IF(AND($N26="VCA",$AJ26>0),($M26*$AG26*$AJ26)-$AI26,0),0) -> 8.6614056 | AS26: =IFERROR(IF(AND($N26="VCA",$AP26>0),$AP26-$AI26-$AQ26-$AR26,0),0) -> 20.43225 | AT26: =IFERROR(IF($N26="VCA",INDEX(APOIO_REDES!$A:$W,MATCH($C26&$I26&$H26&$N26&$O26,APOIO_REDES!$W:$W,0),MATCH(AT$5,APOIO_REDES!$5:$5,0)),0)*$AP26,0) -> 0.34334379 | AU26: =IFERROR(IF($N26="VCA",INDEX(APOIO_REDES!$A:$W,MATCH($C26&$I26&$H26&$N26&$O26,APOIO_REDES!$W:$W,0),MATCH(AU$5,APOIO_REDES!$5:$5,0)),0)*$AP26,0) -> 0.27418505 | AV26: =IFERROR(IF($N26="VCA",INDEX(APOIO_REDES!$A:$W,MATCH($C26&$I26&$H26&$N26&$O26,APOIO_REDES!$W:$W,0),MATCH(AV$5,APOIO_REDES!$5:$5,0)),0)*$AP26,0) -> 0.037945059 | AW26: =IFERROR(IF($N26="VCA",INDEX(APOIO_REDES!$A:$W,MATCH($C26&$I26&$H26&$N26&$O26,APOIO_REDES!$W:$W,0),MATCH(AW$5,APOIO_REDES!$5:$5,0)),0)*$AP26,0) -> 21.660609 | AX26: =IFERROR(IF($N26="VCA",INDEX(APOIO_REDES!$A:$W,MATCH($C26&$I26&$H26&$N26&$O26,APOIO_REDES!$W:$W,0),MATCH(AX$5,APOIO_REDES!$5:$5,0)),0)*$AP26,0) -> 2.9977666 | AY26: =IFERROR(IF($N26="VCA",INDEX(APOIO_REDES!$A:$W,MATCH($C26&$I26&$H26&$N26&$O26,APOIO_REDES!$W:$W,0),MATCH(AY$5,APOIO_REDES!$5:$5,0)),0)*$AP26,0) -> 5.4836977 | AZ26: =IFERROR(IF($N26="VCA",INDEX(APOIO_REDES!$A:$W,MATCH($C26&$I26&$H26&$N26&$O26,APOIO_REDES!$W:$W,0),MATCH(AZ$5,APOIO_REDES!$5:$5,0)),0)*$AP26,0) -> 0.75892791 | BA26: =IFERROR(IF(AND($N26="VCA",$Q26="LINEAR"),INDEX(APOIO_REDES!$A:$W,MATCH($C26&$I26&$H26&$N26&$O26,APOIO_REDES!$W:$W,0),MATCH(BA$5,APOIO_REDES!$5:$5,0)),IF(AND($N26="MND",$Q26="EMBOQUE"),INDEX(APOIO_REDES!$A:$W,MATCH($C26&$I26&$H26&$N26&$O26,APOIO_REDES!$W:$W,0),MATCH(BA$5,APOIO_REDES!$5:$5,0)),0))*$M26/10,0) -> 2.4396856 | BB26: =IFERROR(IF($N26="VCA",INDEX(APOIO_REDES!$A:$W,MATCH($C26&$I26&$H26&$N26&$O26,APOIO_REDES!$W:$W,0),MATCH(BB$5,APOIO_REDES!$5:$5,0)),0)*($AI26+$AQ26+$AR26),0) -> 11.00319 | BC26: =IFERROR(IF($N26="VCA",INDEX(APOIO_REDES!$A:$W,MATCH($C26&$I26&$H26&$N26&$O26,APOIO_REDES!$W:$W,0),MATCH(BC$5,APOIO_REDES!$5:$5,0)),0)*($AI26+$AQ26+$AR26),0) -> 0.12103486 | BD26: =IF(AND($N26="VCA",$AF26>=1.25,$AF26<1.5),$M26*$AF26*2,0) -> 84.1506 | BE26: =IF(AND($N26="VCA",$AF26>=1.5,$AF26<3),$M26*$AF26*2,0) -> 0 | BF26: =IF(AND($N26="VCA",$AF26>=3),$M26*$AF26*2,0) -> 0 | BG26: =($BB26+$BC26)*$AK26 -> 20.023605 | BH26: =IF(AND($M26<>"",$N26="VCA",$Q26="LINEAR"),($M26*2)/100,IF(AND($M26<>"",$N26="MND",$Q26="EMBOQUE"),($AN26*2)/100,0)) -> 0.6054 | BI26: =IF(AND($M26<>"",$N26="VCA",$Q26="LINEAR"),$M26,IF(AND($M26<>"",$N26="MND",$Q26="EMBOQUE"),$AN26*2,0)) -> 30.27 | BJ26: =IF(AND($M26<>"",$N26="VCA",$Q26="LINEAR"),($M26*6.8)/100,IF(AND($M26<>"",$N26="MND",$Q26="EMBOQUE"),($AN26*2*6.8)/100,0)) -> 2.05836 | BK26: =IF(AND($M26<>"",$N26="VCA",$Q26="LINEAR"),($M26*2.5)/50,IF(AND($M26<>"",$N26="MND",$Q26="EMBOQUE"),($AN26*2*2.5)/50,0)) -> 1.5135 | BL26: =K26&J26 -> Zona01REDES | BM26: EQUIPE ZONA 01 | BN26: Rede | BO26: PB01 | BP26: Zona01_PB01_Rede_NÓ57.3 | BQ26: Zona01_PB01_Rede_NÓ92.1 | BR26: AD14 | BS26: 203441.96 | BT26: 8239069.1 | BU26: 203462.33 | BV26: 8239091.4 | BW26: -15.909758 | BX26: -47.769537 | BY26: Zona01_PB01_Rede_NÓ57.3
A27: =IF(C27<>"",ROW(A22),"") -> 22 | B27: =HYPERLINK("https://www.google.com/maps/dir/-15.917302,-47.760003/-15.9096640,-47.7694341/data=!4m3!4m2!3e0!5i0") -> https://www.google.com/maps/dir/-15.917302,-47.760003/-15.9096640,-47.7694341/data=!4m3!4m2!3e0!5i0 | C27: TUBO PEAD | D27: PN10 | E27: PE100 | F27: TUBO PEAD | G27: ELETROFUSÃO | H27: 110 | I27: PEAD | J27: REDES | K27: Zona01 | L27: M | M27: =38.02 -> 38.02 | N27: VCA | O27: VIA | P27: REDE | Q27: LINEAR | R27: Zona01_PB01_Rede_TR022 | S27: SECUNDÁRIA | T27: A.RED.SSB-D014.V03.T01.002/037 | U27: =RIGHT(T27,7) -> 002/037 | V27: REVISÃO 08 | W27: 45882 | X27: ST BAIRRO RESID VITÓRIA | Z27: S/DEFINIÇÃO | AA27: 1.8 | AB27: TRECHO DE Zona01_PB01_Rede_NÓ92.1 A Zona01_PB01_Rede_NÓ69.1 | AC27: 5.8.36 | AD27: =CONCATENATE($C27,$I27,$H27,$N27,$J27,$K27) -> TUBO PEADPEAD110VCAREDESZona01 | AE27: =IFERROR(INDEX(APOIO_REDES!$A:$W,MATCH($C27&$I27&$H27&$N27&$O27,APOIO_REDES!$W:$W,0),MATCH(AE$5,APOIO_REDES!$5:$5,0)),0) -> 1.2 | AF27: =IFERROR(INDEX(APOIO_REDES!$A:$W,MATCH($C27&$I27&$H27&$N27&$O27,APOIO_REDES!$W:$W,0),MATCH(AF$5,APOIO_REDES!$5:$5,0)),0) -> 1.41 | AG27: =IFERROR(INDEX(APOIO_REDES!$A:$W,MATCH($C27&$I27&$H27&$N27&$O27,APOIO_REDES!$W:$W,0),MATCH(AG$5,APOIO_REDES!$5:$5,0)),0) -> 0.75 | AH27: =IFERROR(INDEX(APOIO_REDES!$A:$W,MATCH($C27&$I27&$H27&$N27&$O27,APOIO_REDES!$W:$W,0),MATCH(AH$5,APOIO_REDES!$5:$5,0)),0) -> 0.1 | AI27: =IFERROR(IF($H27<>"",(((($H27/1000)/2)^2)*PI()*$M27),0),0) -> 0.36131614 | AJ27: =IFERROR(IF(AND($H27<>"",$I27="FoFo",OR($N27="MND",$N27="VCA"),$Q27="LINEAR"),0,IF(AND($H27<>"",$I27="PEAD",$N27="VCA",$Q27="LINEAR"),($H27/1000)+0.3,IF(AND($H27<>"",$I27="PEAD",$N27="MND",$Q27="EMBOQUE"),0,IF(AND($H27<>"",$I27="PVC",$N27="VCA",$Q27="LINEAR"),($H27/1000)+0.2,IF(AND($H27<>"",$I27="PVC",$N27="MND",$Q27="EMBOQUE"),0,IF(AND($H27<>"",$I27="PEAD",$N27="VCA",$Q27="PREDIAL"),0,0)))))),0) -> 0.41 | AK27: =IF(AA27<>"",AA27,0) -> 1.8 | AL27: =IF(AND($N27="MND",$Q27="EMBOQUE"),$M27,IF(AND($N27="VCA",$Q27="LINEAR"),$M27,IF(AND($N27="VCA",$Q27="PREDIAL"),0,0))) -> 38.02 | AM27: =IF(AND($N27="MND",$Q27="EMBOQUE"),$M27,IF(AND($N27="VCA",$Q27="LINEAR"),$M27,IF(AND($N27="VCA",$Q27="PREDIAL"),0,0))) -> 38.02 | AN27: =ROUND(IF(AND($N27="VCA",$M27<>"",$Q27="LINEAR"),$M27/100,IF(AND($N27="MND",$M27>100,$Q27="EMBOQUE"),$M27/100,0)),0) -> 0 | AO27: =IF(AND($N27="MND",$Q27="EMBOQUE"),$AN27*2*2,IF(AND($N27="VCA",$Q27="LINEAR"),$M27*2,IF(AND($N27="VCA",$Q27="PREDIAL"),0,0))) -> 76.04 | AP27: =IFERROR($M27*$AF27*$AG27,0) -> 40.20615 | AQ27: =IFERROR(IF(AND($N27="VCA",$AH27>0),$M27*$AG27*$AH27,0),0) -> 2.8515 | AR27: =IFERROR(IF(AND($N27="VCA",$AJ27>0),($M27*$AG27*$AJ27)-$AI27,0),0) -> 11.329834 | AS27: =IFERROR(IF(AND($N27="VCA",$AP27>0),$AP27-$AI27-$AQ27-$AR27,0),0) -> 25.6635 | AT27: =IFERROR(IF($N27="VCA",INDEX(APOIO_REDES!$A:$W,MATCH($C27&$I27&$H27&$N27&$O27,APOIO_REDES!$W:$W,0),MATCH(AT$5,APOIO_REDES!$5:$5,0)),0)*$AP27,0) -> 0.43745481 | AU27: =IFERROR(IF($N27="VCA",INDEX(APOIO_REDES!$A:$W,MATCH($C27&$I27&$H27&$N27&$O27,APOIO_REDES!$W:$W,0),MATCH(AU$5,APOIO_REDES!$5:$5,0)),0)*$AP27,0) -> 0.34933957 | AV27: =IFERROR(IF($N27="VCA",INDEX(APOIO_REDES!$A:$W,MATCH($C27&$I27&$H27&$N27&$O27,APOIO_REDES!$W:$W,0),MATCH(AV$5,APOIO_REDES!$5:$5,0)),0)*$AP27,0) -> 0.048345853 | AW27: =IFERROR(IF($N27="VCA",INDEX(APOIO_REDES!$A:$W,MATCH($C27&$I27&$H27&$N27&$O27,APOIO_REDES!$W:$W,0),MATCH(AW$5,APOIO_REDES!$5:$5,0)),0)*$AP27,0) -> 27.597813 | AX27: =IFERROR(IF($N27="VCA",INDEX(APOIO_REDES!$A:$W,MATCH($C27&$I27&$H27&$N27&$O27,APOIO_REDES!$W:$W,0),MATCH(AX$5,APOIO_REDES!$5:$5,0)),0)*$AP27,0) -> 3.8194587 | AY27: =IFERROR(IF($N27="VCA",INDEX(APOIO_REDES!$A:$W,MATCH($C27&$I27&$H27&$N27&$O27,APOIO_REDES!$W:$W,0),MATCH(AY$5,APOIO_REDES!$5:$5,0)),0)*$AP27,0) -> 6.986787 | AZ27: =IFERROR(IF($N27="VCA",INDEX(APOIO_REDES!$A:$W,MATCH($C27&$I27&$H27&$N27&$O27,APOIO_REDES!$W:$W,0),MATCH(AZ$5,APOIO_REDES!$5:$5,0)),0)*$AP27,0) -> 0.96695114 | BA27: =IFERROR(IF(AND($N27="VCA",$Q27="LINEAR"),INDEX(APOIO_REDES!$A:$W,MATCH($C27&$I27&$H27&$N27&$O27,APOIO_REDES!$W:$W,0),MATCH(BA$5,APOIO_REDES!$5:$5,0)),IF(AND($N27="MND",$Q27="EMBOQUE"),INDEX(APOIO_REDES!$A:$W,MATCH($C27&$I27&$H27&$N27&$O27,APOIO_REDES!$W:$W,0),MATCH(BA$5,APOIO_REDES!$5:$5,0)),0))*$M27/10,0) -> 3.0643161 | BB27: =IFERROR(IF($N27="VCA",INDEX(APOIO_REDES!$A:$W,MATCH($C27&$I27&$H27&$N27&$O27,APOIO_REDES!$W:$W,0),MATCH(BB$5,APOIO_REDES!$5:$5,0)),0)*($AI27+$AQ27+$AR27),0) -> 14.384422 | BC27: =IFERROR(IF($N27="VCA",INDEX(APOIO_REDES!$A:$W,MATCH($C27&$I27&$H27&$N27&$O27,APOIO_REDES!$W:$W,0),MATCH(BC$5,APOIO_REDES!$5:$5,0)),0)*($AI27+$AQ27+$AR27),0) -> 0.15822834 | BD27: =IF(AND($N27="VCA",$AF27>=1.25,$AF27<1.5),$M27*$AF27*2,0) -> 107.2164 | BE27: =IF(AND($N27="VCA",$AF27>=1.5,$AF27<3),$M27*$AF27*2,0) -> 0 | BF27: =IF(AND($N27="VCA",$AF27>=3),$M27*$AF27*2,0) -> 0 | BG27: =($BB27+$BC27)*$AK27 -> 26.17677 | BH27: =IF(AND($M27<>"",$N27="VCA",$Q27="LINEAR"),($M27*2)/100,IF(AND($M27<>"",$N27="MND",$Q27="EMBOQUE"),($AN27*2)/100,0)) -> 0.7604 | BI27: =IF(AND($M27<>"",$N27="VCA",$Q27="LINEAR"),$M27,IF(AND($M27<>"",$N27="MND",$Q27="EMBOQUE"),$AN27*2,0)) -> 38.02 | BJ27: =IF(AND($M27<>"",$N27="VCA",$Q27="LINEAR"),($M27*6.8)/100,IF(AND($M27<>"",$N27="MND",$Q27="EMBOQUE"),($AN27*2*6.8)/100,0)) -> 2.58536 | BK27: =IF(AND($M27<>"",$N27="VCA",$Q27="LINEAR"),($M27*2.5)/50,IF(AND($M27<>"",$N27="MND",$Q27="EMBOQUE"),($AN27*2*2.5)/50,0)) -> 1.901 | BL27: =K27&J27 -> Zona01REDES | BM27: EQUIPE ZONA 01 | BN27: Rede | BO27: PB01 | BP27: Zona01_PB01_Rede_NÓ92.1 | BQ27: Zona01_PB01_Rede_NÓ69.1 | BR27: B2F6 | BS27: 203462.33 | BT27: 8239091.4 | BU27: 203492.96 | BV27: 8239068.9 | BW27: -15.909766 | BX27: -47.769291 | BY27: Zona01_PB01_Rede_NÓ92.1
A28: =IF(C28<>"",ROW(A23),"") -> 23 | B28: =HYPERLINK("https://www.google.com/maps/dir/-15.917302,-47.760003/-15.9096676,-47.7707634/data=!4m3!4m2!3e0!5i0") -> https://www.google.com/maps/dir/-15.917302,-47.760003/-15.9096676,-47.7707634/data=!4m3!4m2!3e0!5i0 | C28: TUBO PEAD | D28: PN10 | E28: PE100 | F28: TUBO PEAD | G28: ELETROFUSÃO | H28: 63 | I28: PEAD | J28: REDES | K28: Zona01 | L28: M | M28: =23.36 -> 23.36 | N28: VCA | O28: VIA | P28: REDE | Q28: LINEAR | R28: Zona01_PB01_Rede_TR023 | S28: TERCIÁRIA | T28: A.RED.SSB-D014.V03.T01.002/037 | U28: =RIGHT(T28,7) -> 002/037 | V28: REVISÃO 08 | W28: 45882 | X28: ST BAIRRO RESID VITÓRIA | Z28: S/DEFINIÇÃO | AA28: 1.9 | AB28: TRECHO DE Zona01_PB01_Rede_NÓ2.3 A Zona01_PB01_Rede_NÓ2.1 | AC28: 5.8.44 | AD28: =CONCATENATE($C28,$I28,$H28,$N28,$J28,$K28) -> TUBO PEADPEAD63VCAREDESZona01 | AE28: =IFERROR(INDEX(APOIO_REDES!$A:$W,MATCH($C28&$I28&$H28&$N28&$O28,APOIO_REDES!$W:$W,0),MATCH(AE$5,APOIO_REDES!$5:$5,0)),0) -> 1.2 | AF28: =IFERROR(INDEX(APOIO_REDES!$A:$W,MATCH($C28&$I28&$H28&$N28&$O28,APOIO_REDES!$W:$W,0),MATCH(AF$5,APOIO_REDES!$5:$5,0)),0) -> 1.363 | AG28: =IFERROR(INDEX(APOIO_REDES!$A:$W,MATCH($C28&$I28&$H28&$N28&$O28,APOIO_REDES!$W:$W,0),MATCH(AG$5,APOIO_REDES!$5:$5,0)),0) -> 0.65 | AH28: =IFERROR(INDEX(APOIO_REDES!$A:$W,MATCH($C28&$I28&$H28&$N28&$O28,APOIO_REDES!$W:$W,0),MATCH(AH$5,APOIO_REDES!$5:$5,0)),0) -> 0.1 | AI28: =IFERROR(IF($H28<>"",(((($H28/1000)/2)^2)*PI()*$M28),0),0) -> 0.07281885 | AJ28: =IFERROR(IF(AND($H28<>"",$I28="FoFo",OR($N28="MND",$N28="VCA"),$Q28="LINEAR"),0,IF(AND($H28<>"",$I28="PEAD",$N28="VCA",$Q28="LINEAR"),($H28/1000)+0.3,IF(AND($H28<>"",$I28="PEAD",$N28="MND",$Q28="EMBOQUE"),0,IF(AND($H28<>"",$I28="PVC",$N28="VCA",$Q28="LINEAR"),($H28/1000)+0.2,IF(AND($H28<>"",$I28="PVC",$N28="MND",$Q28="EMBOQUE"),0,IF(AND($H28<>"",$I28="PEAD",$N28="VCA",$Q28="PREDIAL"),0,0)))))),0) -> 0.363 | AK28: =IF(AA28<>"",AA28,0) -> 1.9 | AL28: =IF(AND($N28="MND",$Q28="EMBOQUE"),$M28,IF(AND($N28="VCA",$Q28="LINEAR"),$M28,IF(AND($N28="VCA",$Q28="PREDIAL"),0,0))) -> 23.36 | AM28: =IF(AND($N28="MND",$Q28="EMBOQUE"),$M28,IF(AND($N28="VCA",$Q28="LINEAR"),$M28,IF(AND($N28="VCA",$Q28="PREDIAL"),0,0))) -> 23.36 | AN28: =ROUND(IF(AND($N28="VCA",$M28<>"",$Q28="LINEAR"),$M28/100,IF(AND($N28="MND",$M28>100,$Q28="EMBOQUE"),$M28/100,0)),0) -> 0 | AO28: =IF(AND($N28="MND",$Q28="EMBOQUE"),$AN28*2*2,IF(AND($N28="VCA",$Q28="LINEAR"),$M28*2,IF(AND($N28="VCA",$Q28="PREDIAL"),0,0))) -> 46.72 | AP28: =IFERROR($M28*$AF28*$AG28,0) -> 20.695792 | AQ28: =IFERROR(IF(AND($N28="VCA",$AH28>0),$M28*$AG28*$AH28,0),0) -> 1.5184 | AR28: =IFERROR(IF(AND($N28="VCA",$AJ28>0),($M28*$AG28*$AJ28)-$AI28,0),0) -> 5.4389731 | AS28: =IFERROR(IF(AND($N28="VCA",$AP28>0),$AP28-$AI28-$AQ28-$AR28,0),0) -> 13.6656 | AT28: =IFERROR(IF($N28="VCA",INDEX(APOIO_REDES!$A:$W,MATCH($C28&$I28&$H28&$N28&$O28,APOIO_REDES!$W:$W,0),MATCH(AT$5,APOIO_REDES!$5:$5,0)),0)*$AP28,0) -> 0.22517634 | AU28: =IFERROR(IF($N28="VCA",INDEX(APOIO_REDES!$A:$W,MATCH($C28&$I28&$H28&$N28&$O28,APOIO_REDES!$W:$W,0),MATCH(AU$5,APOIO_REDES!$5:$5,0)),0)*$AP28,0) -> 0.17981973 | AV28: =IFERROR(IF($N28="VCA",INDEX(APOIO_REDES!$A:$W,MATCH($C28&$I28&$H28&$N28&$O28,APOIO_REDES!$W:$W,0),MATCH(AV$5,APOIO_REDES!$5:$5,0)),0)*$AP28,0) -> 0.024885639 | AW28: =IFERROR(IF($N28="VCA",INDEX(APOIO_REDES!$A:$W,MATCH($C28&$I28&$H28&$N28&$O28,APOIO_REDES!$W:$W,0),MATCH(AW$5,APOIO_REDES!$5:$5,0)),0)*$AP28,0) -> 14.205752 | AX28: =IFERROR(IF($N28="VCA",INDEX(APOIO_REDES!$A:$W,MATCH($C28&$I28&$H28&$N28&$O28,APOIO_REDES!$W:$W,0),MATCH(AX$5,APOIO_REDES!$5:$5,0)),0)*$AP28,0) -> 1.9660356 | AY28: =IFERROR(IF($N28="VCA",INDEX(APOIO_REDES!$A:$W,MATCH($C28&$I28&$H28&$N28&$O28,APOIO_REDES!$W:$W,0),MATCH(AY$5,APOIO_REDES!$5:$5,0)),0)*$AP28,0) -> 3.5963924 | AZ28: =IFERROR(IF($N28="VCA",INDEX(APOIO_REDES!$A:$W,MATCH($C28&$I28&$H28&$N28&$O28,APOIO_REDES!$W:$W,0),MATCH(AZ$5,APOIO_REDES!$5:$5,0)),0)*$AP28,0) -> 0.49773031 | BA28: =IFERROR(IF(AND($N28="VCA",$Q28="LINEAR"),INDEX(APOIO_REDES!$A:$W,MATCH($C28&$I28&$H28&$N28&$O28,APOIO_REDES!$W:$W,0),MATCH(BA$5,APOIO_REDES!$5:$5,0)),IF(AND($N28="MND",$Q28="EMBOQUE"),INDEX(APOIO_REDES!$A:$W,MATCH($C28&$I28&$H28&$N28&$O28,APOIO_REDES!$W:$W,0),MATCH(BA$5,APOIO_REDES!$5:$5,0)),0))*$M28/10,0) -> 1.8827571 | BB28: =IFERROR(IF($N28="VCA",INDEX(APOIO_REDES!$A:$W,MATCH($C28&$I28&$H28&$N28&$O28,APOIO_REDES!$W:$W,0),MATCH(BB$5,APOIO_REDES!$5:$5,0)),0)*($AI28+$AQ28+$AR28),0) -> 6.9537014 | BC28: =IFERROR(IF($N28="VCA",INDEX(APOIO_REDES!$A:$W,MATCH($C28&$I28&$H28&$N28&$O28,APOIO_REDES!$W:$W,0),MATCH(BC$5,APOIO_REDES!$5:$5,0)),0)*($AI28+$AQ28+$AR28),0) -> 0.07649057 | BD28: =IF(AND($N28="VCA",$AF28>=1.25,$AF28<1.5),$M28*$AF28*2,0) -> 63.67936 | BE28: =IF(AND($N28="VCA",$AF28>=1.5,$AF28<3),$M28*$AF28*2,0) -> 0 | BF28: =IF(AND($N28="VCA",$AF28>=3),$M28*$AF28*2,0) -> 0 | BG28: =($BB28+$BC28)*$AK28 -> 13.357365 | BH28: =IF(AND($M28<>"",$N28="VCA",$Q28="LINEAR"),($M28*2)/100,IF(AND($M28<>"",$N28="MND",$Q28="EMBOQUE"),($AN28*2)/100,0)) -> 0.4672 | BI28: =IF(AND($M28<>"",$N28="VCA",$Q28="LINEAR"),$M28,IF(AND($M28<>"",$N28="MND",$Q28="EMBOQUE"),$AN28*2,0)) -> 23.36 | BJ28: =IF(AND($M28<>"",$N28="VCA",$Q28="LINEAR"),($M28*6.8)/100,IF(AND($M28<>"",$N28="MND",$Q28="EMBOQUE"),($AN28*2*6.8)/100,0)) -> 1.58848 | BK28: =IF(AND($M28<>"",$N28="VCA",$Q28="LINEAR"),($M28*2.5)/50,IF(AND($M28<>"",$N28="MND",$Q28="EMBOQUE"),($AN28*2*2.5)/50,0)) -> 1.168 | BL28: =K28&J28 -> Zona01REDES | BM28: EQUIPE ZONA 01 | BN28: Rede | BO28: PB01 | BP28: Zona01_PB01_Rede_NÓ2.3 | BQ28: Zona01_PB01_Rede_NÓ2.1 | BR28: 5FD12 | BS28: 203319.91 | BT28: 8239089.1 | BU28: 203305.91 | BV28: 8239070.6 | BW28: -15.90975 | BX28: -47.770831 | BY28: Zona01_PB01_Rede_NÓ2.3
A29: =IF(C29<>"",ROW(A24),"") -> 24 | B29: =HYPERLINK("https://www.google.com/maps/dir/-15.917302,-47.760003/-15.9098010,-47.7673501/data=!4m3!4m2!3e0!5i0") -> https://www.google.com/maps/dir/-15.917302,-47.760003/-15.9098010,-47.7673501/data=!4m3!4m2!3e0!5i0 | C29: TUBO PEAD | D29: PN10 | E29: PE100 | F29: TUBO PEAD | G29: ELETROFUSÃO | H29: 63 | I29: PEAD | J29: REDES | K29: Zona01 | L29: M | M29: =15.26 -> 15.26 | N29: VCA | O29: VIA | P29: REDE | Q29: LINEAR | R29: Zona01_PB01_Rede_TR024 | S29: TERCIÁRIA | T29: A.RED.SSB-D014.V03.T01.002/037 | U29: =RIGHT(T29,7) -> 002/037 | V29: REVISÃO 08 | W29: 45882 | X29: ST MORRO DA CRUZ | Z29: S/DEFINIÇÃO | AA29: 1.5 | AB29: TRECHO DE Zona01_PB01_Rede_NÓ59.1 A Zona01_PB01_Rede_NÓ1.11 | AC29: 5.8.44 | AD29: =CONCATENATE($C29,$I29,$H29,$N29,$J29,$K29) -> TUBO PEADPEAD63VCAREDESZona01 | AE29: =IFERROR(INDEX(APOIO_REDES!$A:$W,MATCH($C29&$I29&$H29&$N29&$O29,APOIO_REDES!$W:$W,0),MATCH(AE$5,APOIO_REDES!$5:$5,0)),0) -> 1.2 | AF29: =IFERROR(INDEX(APOIO_REDES!$A:$W,MATCH($C29&$I29&$H29&$N29&$O29,APOIO_REDES!$W:$W,0),MATCH(AF$5,APOIO_REDES!$5:$5,0)),0) -> 1.363 | AG29: =IFERROR(INDEX(APOIO_REDES!$A:$W,MATCH($C29&$I29&$H29&$N29&$O29,APOIO_REDES!$W:$W,0),MATCH(AG$5,APOIO_REDES!$5:$5,0)),0) -> 0.65 | AH29: =IFERROR(INDEX(APOIO_REDES!$A:$W,MATCH($C29&$I29&$H29&$N29&$O29,APOIO_REDES!$W:$W,0),MATCH(AH$5,APOIO_REDES!$5:$5,0)),0) -> 0.1 | AI29: =IFERROR(IF($H29<>"",(((($H29/1000)/2)^2)*PI()*$M29),0),0) -> 0.047569163 | AJ29: =IFERROR(IF(AND($H29<>"",$I29="FoFo",OR($N29="MND",$N29="VCA"),$Q29="LINEAR"),0,IF(AND($H29<>"",$I29="PEAD",$N29="VCA",$Q29="LINEAR"),($H29/1000)+0.3,IF(AND($H29<>"",$I29="PEAD",$N29="MND",$Q29="EMBOQUE"),0,IF(AND($H29<>"",$I29="PVC",$N29="VCA",$Q29="LINEAR"),($H29/1000)+0.2,IF(AND($H29<>"",$I29="PVC",$N29="MND",$Q29="EMBOQUE"),0,IF(AND($H29<>"",$I29="PEAD",$N29="VCA",$Q29="PREDIAL"),0,0)))))),0) -> 0.363 | AK29: =IF(AA29<>"",AA29,0) -> 1.5 | AL29: =IF(AND($N29="MND",$Q29="EMBOQUE"),$M29,IF(AND($N29="VCA",$Q29="LINEAR"),$M29,IF(AND($N29="VCA",$Q29="PREDIAL"),0,0))) -> 15.26 | AM29: =IF(AND($N29="MND",$Q29="EMBOQUE"),$M29,IF(AND($N29="VCA",$Q29="LINEAR"),$M29,IF(AND($N29="VCA",$Q29="PREDIAL"),0,0))) -> 15.26 | AN29: =ROUND(IF(AND($N29="VCA",$M29<>"",$Q29="LINEAR"),$M29/100,IF(AND($N29="MND",$M29>100,$Q29="EMBOQUE"),$M29/100,0)),0) -> 0 | AO29: =IF(AND($N29="MND",$Q29="EMBOQUE"),$AN29*2*2,IF(AND($N29="VCA",$Q29="LINEAR"),$M29*2,IF(AND($N29="VCA",$Q29="PREDIAL"),0,0))) -> 30.52 | AP29: =IFERROR($M29*$AF29*$AG29,0) -> 13.519597 | AQ29: =IFERROR(IF(AND($N29="VCA",$AH29>0),$M29*$AG29*$AH29,0),0) -> 0.9919 | AR29: =IFERROR(IF(AND($N29="VCA",$AJ29>0),($M29*$AG29*$AJ29)-$AI29,0),0) -> 3.5530278 | AS29: =IFERROR(IF(AND($N29="VCA",$AP29>0),$AP29-$AI29-$AQ29-$AR29,0),0) -> 8.9271 | AT29: =IFERROR(IF($N29="VCA",INDEX(APOIO_REDES!$A:$W,MATCH($C29&$I29&$H29&$N29&$O29,APOIO_REDES!$W:$W,0),MATCH(AT$5,APOIO_REDES!$5:$5,0)),0)*$AP29,0) -> 0.14709722 | AU29: =IFERROR(IF($N29="VCA",INDEX(APOIO_REDES!$A:$W,MATCH($C29&$I29&$H29&$N29&$O29,APOIO_REDES!$W:$W,0),MATCH(AU$5,APOIO_REDES!$5:$5,0)),0)*$AP29,0) -> 0.11746785 | AV29: =IFERROR(IF($N29="VCA",INDEX(APOIO_REDES!$A:$W,MATCH($C29&$I29&$H29&$N29&$O29,APOIO_REDES!$W:$W,0),MATCH(AV$5,APOIO_REDES!$5:$5,0)),0)*$AP29,0) -> 0.016256629 | AW29: =IFERROR(IF($N29="VCA",INDEX(APOIO_REDES!$A:$W,MATCH($C29&$I29&$H29&$N29&$O29,APOIO_REDES!$W:$W,0),MATCH(AW$5,APOIO_REDES!$5:$5,0)),0)*$AP29,0) -> 9.2799561 | AX29: =IFERROR(IF($N29="VCA",INDEX(APOIO_REDES!$A:$W,MATCH($C29&$I29&$H29&$N29&$O29,APOIO_REDES!$W:$W,0),MATCH(AX$5,APOIO_REDES!$5:$5,0)),0)*$AP29,0) -> 1.2843195 | AY29: =IFERROR(IF($N29="VCA",INDEX(APOIO_REDES!$A:$W,MATCH($C29&$I29&$H29&$N29&$O29,APOIO_REDES!$W:$W,0),MATCH(AY$5,APOIO_REDES!$5:$5,0)),0)*$AP29,0) -> 2.3493556 | AZ29: =IFERROR(IF($N29="VCA",INDEX(APOIO_REDES!$A:$W,MATCH($C29&$I29&$H29&$N29&$O29,APOIO_REDES!$W:$W,0),MATCH(AZ$5,APOIO_REDES!$5:$5,0)),0)*$AP29,0) -> 0.32514403 | BA29: =IFERROR(IF(AND($N29="VCA",$Q29="LINEAR"),INDEX(APOIO_REDES!$A:$W,MATCH($C29&$I29&$H29&$N29&$O29,APOIO_REDES!$W:$W,0),MATCH(BA$5,APOIO_REDES!$5:$5,0)),IF(AND($N29="MND",$Q29="EMBOQUE"),INDEX(APOIO_REDES!$A:$W,MATCH($C29&$I29&$H29&$N29&$O29,APOIO_REDES!$W:$W,0),MATCH(BA$5,APOIO_REDES!$5:$5,0)),0))*$M29/10,0) -> 1.2299175 | BB29: =IFERROR(IF($N29="VCA",INDEX(APOIO_REDES!$A:$W,MATCH($C29&$I29&$H29&$N29&$O29,APOIO_REDES!$W:$W,0),MATCH(BB$5,APOIO_REDES!$5:$5,0)),0)*($AI29+$AQ29+$AR29),0) -> 4.5425293 | BC29: =IFERROR(IF($N29="VCA",INDEX(APOIO_REDES!$A:$W,MATCH($C29&$I29&$H29&$N29&$O29,APOIO_REDES!$W:$W,0),MATCH(BC$5,APOIO_REDES!$5:$5,0)),0)*($AI29+$AQ29+$AR29),0) -> 0.049967727 | BD29: =IF(AND($N29="VCA",$AF29>=1.25,$AF29<1.5),$M29*$AF29*2,0) -> 41.59876 | BE29: =IF(AND($N29="VCA",$AF29>=1.5,$AF29<3),$M29*$AF29*2,0) -> 0 | BF29: =IF(AND($N29="VCA",$AF29>=3),$M29*$AF29*2,0) -> 0 | BG29: =($BB29+$BC29)*$AK29 -> 6.8887455 | BH29: =IF(AND($M29<>"",$N29="VCA",$Q29="LINEAR"),($M29*2)/100,IF(AND($M29<>"",$N29="MND",$Q29="EMBOQUE"),($AN29*2)/100,0)) -> 0.3052 | BI29: =IF(AND($M29<>"",$N29="VCA",$Q29="LINEAR"),$M29,IF(AND($M29<>"",$N29="MND",$Q29="EMBOQUE"),$AN29*2,0)) -> 15.26 | BJ29: =IF(AND($M29<>"",$N29="VCA",$Q29="LINEAR"),($M29*6.8)/100,IF(AND($M29<>"",$N29="MND",$Q29="EMBOQUE"),($AN29*2*6.8)/100,0)) -> 1.03768 | BK29: =IF(AND($M29<>"",$N29="VCA",$Q29="LINEAR"),($M29*2.5)/50,IF(AND($M29<>"",$N29="MND",$Q29="EMBOQUE"),($AN29*2*2.5)/50,0)) -> 0.763 | BL29: =K29&J29 -> Zona01REDES | BM29: EQUIPE ZONA 01 | BN29: Rede | BO29: PB01 | BP29: Zona01_PB01_Rede_NÓ59.1 | BQ29: Zona01_PB01_Rede_NÓ1.11 | BR29: 2EFDF | BS29: 203685.84 | BT29: 8239079.2 | BU29: 203700.01 | BV29: 8239073.5 | BW29: -15.909827 | BX29: -47.767284 | BY29: Zona01_PB01_Rede_NÓ59.1
A30: =IF(C30<>"",ROW(A25),"") -> 25 | B30: =HYPERLINK("https://www.google.com/maps/dir/-15.917302,-47.760003/-15.9100486,-47.7697839/data=!4m3!4m2!3e0!5i0") -> https://www.google.com/maps/dir/-15.917302,-47.760003/-15.9100486,-47.7697839/data=!4m3!4m2!3e0!5i0 | C30: TUBO PEAD | D30: PN10 | E30: PE100 | F30: TUBO PEAD | G30: ELETROFUSÃO | H30: 63 | I30: PEAD | J30: REDES | K30: Zona01 | L30: M | M30: =99.27+0.37 -> 99.64 | N30: VCA | O30: VIA | P30: REDE | Q30: LINEAR | R30: Zona01_PB01_Rede_TR025 | S30: TERCIÁRIA | T30: A.RED.SSB-D014.V03.T01.002/037 | U30: =RIGHT(T30,7) -> 002/037 | V30: REVISÃO 08 | W30: 45882 | X30: ST BAIRRO RESID VITÓRIA | Z30: S/DEFINIÇÃO | AA30: 1.8 | AB30: TRECHO DE Zona01_PB01_Rede_NÓ57.2 A Zona01_PB01_Rede_NÓ1.2; INCLUI 0,37 M DE TUBO DESENHADO NO PRÓPRIO NÓ (NÓ57.2: anel de ponta/toco) | AC30: 5.8.44 | AD30: =CONCATENATE($C30,$I30,$H30,$N30,$J30,$K30) -> TUBO PEADPEAD63VCAREDESZona01 | AE30: =IFERROR(INDEX(APOIO_REDES!$A:$W,MATCH($C30&$I30&$H30&$N30&$O30,APOIO_REDES!$W:$W,0),MATCH(AE$5,APOIO_REDES!$5:$5,0)),0) -> 1.2 | AF30: =IFERROR(INDEX(APOIO_REDES!$A:$W,MATCH($C30&$I30&$H30&$N30&$O30,APOIO_REDES!$W:$W,0),MATCH(AF$5,APOIO_REDES!$5:$5,0)),0) -> 1.363 | AG30: =IFERROR(INDEX(APOIO_REDES!$A:$W,MATCH($C30&$I30&$H30&$N30&$O30,APOIO_REDES!$W:$W,0),MATCH(AG$5,APOIO_REDES!$5:$5,0)),0) -> 0.65 | AH30: =IFERROR(INDEX(APOIO_REDES!$A:$W,MATCH($C30&$I30&$H30&$N30&$O30,APOIO_REDES!$W:$W,0),MATCH(AH$5,APOIO_REDES!$5:$5,0)),0) -> 0.1 | AI30: =IFERROR(IF($H30<>"",(((($H30/1000)/2)^2)*PI()*$M30),0),0) -> 0.31060232 | AJ30: =IFERROR(IF(AND($H30<>"",$I30="FoFo",OR($N30="MND",$N30="VCA"),$Q30="LINEAR"),0,IF(AND($H30<>"",$I30="PEAD",$N30="VCA",$Q30="LINEAR"),($H30/1000)+0.3,IF(AND($H30<>"",$I30="PEAD",$N30="MND",$Q30="EMBOQUE"),0,IF(AND($H30<>"",$I30="PVC",$N30="VCA",$Q30="LINEAR"),($H30/1000)+0.2,IF(AND($H30<>"",$I30="PVC",$N30="MND",$Q30="EMBOQUE"),0,IF(AND($H30<>"",$I30="PEAD",$N30="VCA",$Q30="PREDIAL"),0,0)))))),0) -> 0.363 | AK30: =IF(AA30<>"",AA30,0) -> 1.8 | AL30: =IF(AND($N30="MND",$Q30="EMBOQUE"),$M30,IF(AND($N30="VCA",$Q30="LINEAR"),$M30,IF(AND($N30="VCA",$Q30="PREDIAL"),0,0))) -> 99.64 | AM30: =IF(AND($N30="MND",$Q30="EMBOQUE"),$M30,IF(AND($N30="VCA",$Q30="LINEAR"),$M30,IF(AND($N30="VCA",$Q30="PREDIAL"),0,0))) -> 99.64 | AN30: =ROUND(IF(AND($N30="VCA",$M30<>"",$Q30="LINEAR"),$M30/100,IF(AND($N30="MND",$M30>100,$Q30="EMBOQUE"),$M30/100,0)),0) -> 1 | AO30: =IF(AND($N30="MND",$Q30="EMBOQUE"),$AN30*2*2,IF(AND($N30="VCA",$Q30="LINEAR"),$M30*2,IF(AND($N30="VCA",$Q30="PREDIAL"),0,0))) -> 199.28 | AP30: =IFERROR($M30*$AF30*$AG30,0) -> 88.276058 | AQ30: =IFERROR(IF(AND($N30="VCA",$AH30>0),$M30*$AG30*$AH30,0),0) -> 6.4766 | AR30: =IFERROR(IF(AND($N30="VCA",$AJ30>0),($M30*$AG30*$AJ30)-$AI30,0),0) -> 23.199456 | AS30: =IFERROR(IF(AND($N30="VCA",$AP30>0),$AP30-$AI30-$AQ30-$AR30,0),0) -> 58.2894 | AT30: =IFERROR(IF($N30="VCA",INDEX(APOIO_REDES!$A:$W,MATCH($C30&$I30&$H30&$N30&$O30,APOIO_REDES!$W:$W,0),MATCH(AT$5,APOIO_REDES!$5:$5,0)),0)*$AP30,0) -> 0.96046964 | AU30: =IFERROR(IF($N30="VCA",INDEX(APOIO_REDES!$A:$W,MATCH($C30&$I30&$H30&$N30&$O30,APOIO_REDES!$W:$W,0),MATCH(AU$5,APOIO_REDES!$5:$5,0)),0)*$AP30,0) -> 0.76700504 | AV30: =IFERROR(IF($N30="VCA",INDEX(APOIO_REDES!$A:$W,MATCH($C30&$I30&$H30&$N30&$O30,APOIO_REDES!$W:$W,0),MATCH(AV$5,APOIO_REDES!$5:$5,0)),0)*$AP30,0) -> 0.10614748 | AW30: =IFERROR(IF($N30="VCA",INDEX(APOIO_REDES!$A:$W,MATCH($C30&$I30&$H30&$N30&$O30,APOIO_REDES!$W:$W,0),MATCH(AW$5,APOIO_REDES!$5:$5,0)),0)*$AP30,0) -> 60.59337 | AX30: =IFERROR(IF($N30="VCA",INDEX(APOIO_REDES!$A:$W,MATCH($C30&$I30&$H30&$N30&$O30,APOIO_REDES!$W:$W,0),MATCH(AX$5,APOIO_REDES!$5:$5,0)),0)*$AP30,0) -> 8.3859498 | AY30: =IFERROR(IF($N30="VCA",INDEX(APOIO_REDES!$A:$W,MATCH($C30&$I30&$H30&$N30&$O30,APOIO_REDES!$W:$W,0),MATCH(AY$5,APOIO_REDES!$5:$5,0)),0)*$AP30,0) -> 15.340091 | AZ30: =IFERROR(IF($N30="VCA",INDEX(APOIO_REDES!$A:$W,MATCH($C30&$I30&$H30&$N30&$O30,APOIO_REDES!$W:$W,0),MATCH(AZ$5,APOIO_REDES!$5:$5,0)),0)*$AP30,0) -> 2.1230243 | BA30: =IFERROR(IF(AND($N30="VCA",$Q30="LINEAR"),INDEX(APOIO_REDES!$A:$W,MATCH($C30&$I30&$H30&$N30&$O30,APOIO_REDES!$W:$W,0),MATCH(BA$5,APOIO_REDES!$5:$5,0)),IF(AND($N30="MND",$Q30="EMBOQUE"),INDEX(APOIO_REDES!$A:$W,MATCH($C30&$I30&$H30&$N30&$O30,APOIO_REDES!$W:$W,0),MATCH(BA$5,APOIO_REDES!$5:$5,0)),0))*$M30/10,0) -> 8.0307327 | BB30: =IFERROR(IF($N30="VCA",INDEX(APOIO_REDES!$A:$W,MATCH($C30&$I30&$H30&$N30&$O30,APOIO_REDES!$W:$W,0),MATCH(BB$5,APOIO_REDES!$5:$5,0)),0)*($AI30+$AQ30+$AR30),0) -> 29.660394 | BC30: =IFERROR(IF($N30="VCA",INDEX(APOIO_REDES!$A:$W,MATCH($C30&$I30&$H30&$N30&$O30,APOIO_REDES!$W:$W,0),MATCH(BC$5,APOIO_REDES!$5:$5,0)),0)*($AI30+$AQ30+$AR30),0) -> 0.32626371 | BD30: =IF(AND($N30="VCA",$AF30>=1.25,$AF30<1.5),$M30*$AF30*2,0) -> 271.61864 | BE30: =IF(AND($N30="VCA",$AF30>=1.5,$AF30<3),$M30*$AF30*2,0) -> 0 | BF30: =IF(AND($N30="VCA",$AF30>=3),$M30*$AF30*2,0) -> 0 | BG30: =($BB30+$BC30)*$AK30 -> 53.975984 | BH30: =IF(AND($M30<>"",$N30="VCA",$Q30="LINEAR"),($M30*2)/100,IF(AND($M30<>"",$N30="MND",$Q30="EMBOQUE"),($AN30*2)/100,0)) -> 1.9928 | BI30: =IF(AND($M30<>"",$N30="VCA",$Q30="LINEAR"),$M30,IF(AND($M30<>"",$N30="MND",$Q30="EMBOQUE"),$AN30*2,0)) -> 99.64 | BJ30: =IF(AND($M30<>"",$N30="VCA",$Q30="LINEAR"),($M30*6.8)/100,IF(AND($M30<>"",$N30="MND",$Q30="EMBOQUE"),($AN30*2*6.8)/100,0)) -> 6.77552 | BK30: =IF(AND($M30<>"",$N30="VCA",$Q30="LINEAR"),($M30*2.5)/50,IF(AND($M30<>"",$N30="MND",$Q30="EMBOQUE"),($AN30*2*2.5)/50,0)) -> 4.982 | BL30: =K30&J30 -> Zona01REDES | BM30: EQUIPE ZONA 01 | BN30: Rede | BO30: PB01 | BP30: Zona01_PB01_Rede_NÓ57.2 | BQ30: Zona01_PB01_Rede_NÓ1.2 | BR30: B308 | BS30: 203425.4 | BT30: 8239048.3 | BU30: 203344.58 | BV30: 8239105.6 | BW30: -15.909802 | BX30: -47.77017 | BY30: Zona01_PB01_Rede_NÓ57.2
A31: =IF(C31<>"",ROW(A26),"") -> 26 | B31: =HYPERLINK("https://www.google.com/maps/dir/-15.917302,-47.760003/-15.9098332,-47.7708964/data=!4m3!4m2!3e0!5i2") -> https://www.google.com/maps/dir/-15.917302,-47.760003/-15.9098332,-47.7708964/data=!4m3!4m2!3e0!5i2 | C31: TUBO PEAD | D31: PN10 | E31: PE100 | F31: TUBO PEAD | G31: ELETROFUSÃO | H31: 63 | I31: PEAD | J31: REDES | K31: Zona01 | L31: M | M31: =15.6 -> 15.6 | N31: VCA | O31: VIA | P31: REDE | Q31: LINEAR | R31: Zona01_PB01_Rede_TR026 | S31: TERCIÁRIA | T31: A.RED.SSB-D014.V03.T01.002/037 | U31: =RIGHT(T31,7) -> 002/037 | V31: REVISÃO 08 | W31: 45882 | X31: ST BAIRRO RESID VITÓRIA | Z31: S/DEFINIÇÃO | AA31: 2.1 | AB31: TRECHO DE Zona01_PB01_Rede_NÓ2.1 A Zona01_PB01_Rede_NÓ2.2 | AC31: 5.8.44 | AD31: =CONCATENATE($C31,$I31,$H31,$N31,$J31,$K31) -> TUBO PEADPEAD63VCAREDESZona01 | AE31: =IFERROR(INDEX(APOIO_REDES!$A:$W,MATCH($C31&$I31&$H31&$N31&$O31,APOIO_REDES!$W:$W,0),MATCH(AE$5,APOIO_REDES!$5:$5,0)),0) -> 1.2 | AF31: =IFERROR(INDEX(APOIO_REDES!$A:$W,MATCH($C31&$I31&$H31&$N31&$O31,APOIO_REDES!$W:$W,0),MATCH(AF$5,APOIO_REDES!$5:$5,0)),0) -> 1.363 | AG31: =IFERROR(INDEX(APOIO_REDES!$A:$W,MATCH($C31&$I31&$H31&$N31&$O31,APOIO_REDES!$W:$W,0),MATCH(AG$5,APOIO_REDES!$5:$5,0)),0) -> 0.65 | AH31: =IFERROR(INDEX(APOIO_REDES!$A:$W,MATCH($C31&$I31&$H31&$N31&$O31,APOIO_REDES!$W:$W,0),MATCH(AH$5,APOIO_REDES!$5:$5,0)),0) -> 0.1 | AI31: =IFERROR(IF($H31<>"",(((($H31/1000)/2)^2)*PI()*$M31),0),0) -> 0.048629027 | AJ31: =IFERROR(IF(AND($H31<>"",$I31="FoFo",OR($N31="MND",$N31="VCA"),$Q31="LINEAR"),0,IF(AND($H31<>"",$I31="PEAD",$N31="VCA",$Q31="LINEAR"),($H31/1000)+0.3,IF(AND($H31<>"",$I31="PEAD",$N31="MND",$Q31="EMBOQUE"),0,IF(AND($H31<>"",$I31="PVC",$N31="VCA",$Q31="LINEAR"),($H31/1000)+0.2,IF(AND($H31<>"",$I31="PVC",$N31="MND",$Q31="EMBOQUE"),0,IF(AND($H31<>"",$I31="PEAD",$N31="VCA",$Q31="PREDIAL"),0,0)))))),0) -> 0.363 | AK31: =IF(AA31<>"",AA31,0) -> 2.1 | AL31: =IF(AND($N31="MND",$Q31="EMBOQUE"),$M31,IF(AND($N31="VCA",$Q31="LINEAR"),$M31,IF(AND($N31="VCA",$Q31="PREDIAL"),0,0))) -> 15.6 | AM31: =IF(AND($N31="MND",$Q31="EMBOQUE"),$M31,IF(AND($N31="VCA",$Q31="LINEAR"),$M31,IF(AND($N31="VCA",$Q31="PREDIAL"),0,0))) -> 15.6 | AN31: =ROUND(IF(AND($N31="VCA",$M31<>"",$Q31="LINEAR"),$M31/100,IF(AND($N31="MND",$M31>100,$Q31="EMBOQUE"),$M31/100,0)),0) -> 0 | AO31: =IF(AND($N31="MND",$Q31="EMBOQUE"),$AN31*2*2,IF(AND($N31="VCA",$Q31="LINEAR"),$M31*2,IF(AND($N31="VCA",$Q31="PREDIAL"),0,0))) -> 31.2 | AP31: =IFERROR($M31*$AF31*$AG31,0) -> 13.82082 | AQ31: =IFERROR(IF(AND($N31="VCA",$AH31>0),$M31*$AG31*$AH31,0),0) -> 1.014 | AR31: =IFERROR(IF(AND($N31="VCA",$AJ31>0),($M31*$AG31*$AJ31)-$AI31,0),0) -> 3.632191 | AS31: =IFERROR(IF(AND($N31="VCA",$AP31>0),$AP31-$AI31-$AQ31-$AR31,0),0) -> 9.126 | AT31: =IFERROR(IF($N31="VCA",INDEX(APOIO_REDES!$A:$W,MATCH($C31&$I31&$H31&$N31&$O31,APOIO_REDES!$W:$W,0),MATCH(AT$5,APOIO_REDES!$5:$5,0)),0)*$AP31,0) -> 0.15037461 | AU31: =IFERROR(IF($N31="VCA",INDEX(APOIO_REDES!$A:$W,MATCH($C31&$I31&$H31&$N31&$O31,APOIO_REDES!$W:$W,0),MATCH(AU$5,APOIO_REDES!$5:$5,0)),0)*$AP31,0) -> 0.12008509 | AV31: =IFERROR(IF($N31="VCA",INDEX(APOIO_REDES!$A:$W,MATCH($C31&$I31&$H31&$N31&$O31,APOIO_REDES!$W:$W,0),MATCH(AV$5,APOIO_REDES!$5:$5,0)),0)*$AP31,0) -> 0.016618834 | AW31: =IFERROR(IF($N31="VCA",INDEX(APOIO_REDES!$A:$W,MATCH($C31&$I31&$H31&$N31&$O31,APOIO_REDES!$W:$W,0),MATCH(AW$5,APOIO_REDES!$5:$5,0)),0)*$AP31,0) -> 9.4867179 | AX31: =IFERROR(IF($N31="VCA",INDEX(APOIO_REDES!$A:$W,MATCH($C31&$I31&$H31&$N31&$O31,APOIO_REDES!$W:$W,0),MATCH(AX$5,APOIO_REDES!$5:$5,0)),0)*$AP31,0) -> 1.3129347 | AY31: =IFERROR(IF($N31="VCA",INDEX(APOIO_REDES!$A:$W,MATCH($C31&$I31&$H31&$N31&$O31,APOIO_REDES!$W:$W,0),MATCH(AY$5,APOIO_REDES!$5:$5,0)),0)*$AP31,0) -> 2.4017004 | AZ31: =IFERROR(IF($N31="VCA",INDEX(APOIO_REDES!$A:$W,MATCH($C31&$I31&$H31&$N31&$O31,APOIO_REDES!$W:$W,0),MATCH(AZ$5,APOIO_REDES!$5:$5,0)),0)*$AP31,0) -> 0.33238839 | BA31: =IFERROR(IF(AND($N31="VCA",$Q31="LINEAR"),INDEX(APOIO_REDES!$A:$W,MATCH($C31&$I31&$H31&$N31&$O31,APOIO_REDES!$W:$W,0),MATCH(BA$5,APOIO_REDES!$5:$5,0)),IF(AND($N31="MND",$Q31="EMBOQUE"),INDEX(APOIO_REDES!$A:$W,MATCH($C31&$I31&$H31&$N31&$O31,APOIO_REDES!$W:$W,0),MATCH(BA$5,APOIO_REDES!$5:$5,0)),0))*$M31/10,0) -> 1.2573207 | BB31: =IFERROR(IF($N31="VCA",INDEX(APOIO_REDES!$A:$W,MATCH($C31&$I31&$H31&$N31&$O31,APOIO_REDES!$W:$W,0),MATCH(BB$5,APOIO_REDES!$5:$5,0)),0)*($AI31+$AQ31+$AR31),0) -> 4.643739 | BC31: =IFERROR(IF($N31="VCA",INDEX(APOIO_REDES!$A:$W,MATCH($C31&$I31&$H31&$N31&$O31,APOIO_REDES!$W:$W,0),MATCH(BC$5,APOIO_REDES!$5:$5,0)),0)*($AI31+$AQ31+$AR31),0) -> 0.051081031 | BD31: =IF(AND($N31="VCA",$AF31>=1.25,$AF31<1.5),$M31*$AF31*2,0) -> 42.5256 | BE31: =IF(AND($N31="VCA",$AF31>=1.5,$AF31<3),$M31*$AF31*2,0) -> 0 | BF31: =IF(AND($N31="VCA",$AF31>=3),$M31*$AF31*2,0) -> 0 | BG31: =($BB31+$BC31)*$AK31 -> 9.859122 | BH31: =IF(AND($M31<>"",$N31="VCA",$Q31="LINEAR"),($M31*2)/100,IF(AND($M31<>"",$N31="MND",$Q31="EMBOQUE"),($AN31*2)/100,0)) -> 0.312 | BI31: =IF(AND($M31<>"",$N31="VCA",$Q31="LINEAR"),$M31,IF(AND($M31<>"",$N31="MND",$Q31="EMBOQUE"),$AN31*2,0)) -> 15.6 | BJ31: =IF(AND($M31<>"",$N31="VCA",$Q31="LINEAR"),($M31*6.8)/100,IF(AND($M31<>"",$N31="MND",$Q31="EMBOQUE"),($AN31*2*6.8)/100,0)) -> 1.0608 | BK31: =IF(AND($M31<>"",$N31="VCA",$Q31="LINEAR"),($M31*2.5)/50,IF(AND($M31<>"",$N31="MND",$Q31="EMBOQUE"),($AN31*2*2.5)/50,0)) -> 0.78 | BL31: =K31&J31 -> Zona01REDES | BM31: EQUIPE ZONA 01 | BN31: Rede | BO31: PB01 | BP31: Zona01_PB01_Rede_NÓ2.1 | BQ31: Zona01_PB01_Rede_NÓ2.2 | BR31: 5FD12 | BS31: 203305.91 | BT31: 8239070.6 | BU31: 203318.35 | BV31: 8239061.2 | BW31: -15.909876 | BX31: -47.770839 | BY31: Zona01_PB01_Rede_NÓ2.1
A32: =IF(C32<>"",ROW(A27),"") -> 27 | B32: =HYPERLINK("https://www.google.com/maps/dir/-15.917302,-47.760003/-15.9101359,-47.7674502/data=!4m3!4m2!3e0!5i0") -> https://www.google.com/maps/dir/-15.917302,-47.760003/-15.9101359,-47.7674502/data=!4m3!4m2!3e0!5i0 | C32: TUBO PEAD | D32: PN10 | E32: PE100 | F32: TUBO PEAD | G32: ELETROFUSÃO | H32: 110 | I32: PEAD | J32: REDES | K32: Zona01 | L32: M | M32: =39 -> 39 | N32: VCA | O32: VIA | P32: REDE | Q32: LINEAR | R32: Zona01_PB01_Rede_TR027 | S32: SECUNDÁRIA | T32: A.RED.SSB-D014.V03.T01.002/037 | U32: =RIGHT(T32,7) -> 002/037 | V32: REVISÃO 08 | W32: 45882 | X32: ST BAIRRO RESID VITÓRIA | Z32: S/DEFINIÇÃO | AA32: 1.5 | AB32: TRECHO DE Zona01_PB01_Rede_NÓ113.1 A Zona01_PB01_Rede_NÓ59.1 | AC32: 5.8.36 | AD32: =CONCATENATE($C32,$I32,$H32,$N32,$J32,$K32) -> TUBO PEADPEAD110VCAREDESZona01 | AE32: =IFERROR(INDEX(APOIO_REDES!$A:$W,MATCH($C32&$I32&$H32&$N32&$O32,APOIO_REDES!$W:$W,0),MATCH(AE$5,APOIO_REDES!$5:$5,0)),0) -> 1.2 | AF32: =IFERROR(INDEX(APOIO_REDES!$A:$W,MATCH($C32&$I32&$H32&$N32&$O32,APOIO_REDES!$W:$W,0),MATCH(AF$5,APOIO_REDES!$5:$5,0)),0) -> 1.41 | AG32: =IFERROR(INDEX(APOIO_REDES!$A:$W,MATCH($C32&$I32&$H32&$N32&$O32,APOIO_REDES!$W:$W,0),MATCH(AG$5,APOIO_REDES!$5:$5,0)),0) -> 0.75 | AH32: =IFERROR(INDEX(APOIO_REDES!$A:$W,MATCH($C32&$I32&$H32&$N32&$O32,APOIO_REDES!$W:$W,0),MATCH(AH$5,APOIO_REDES!$5:$5,0)),0) -> 0.1 | AI32: =IFERROR(IF($H32<>"",(((($H32/1000)/2)^2)*PI()*$M32),0),0) -> 0.37062939 | AJ32: =IFERROR(IF(AND($H32<>"",$I32="FoFo",OR($N32="MND",$N32="VCA"),$Q32="LINEAR"),0,IF(AND($H32<>"",$I32="PEAD",$N32="VCA",$Q32="LINEAR"),($H32/1000)+0.3,IF(AND($H32<>"",$I32="PEAD",$N32="MND",$Q32="EMBOQUE"),0,IF(AND($H32<>"",$I32="PVC",$N32="VCA",$Q32="LINEAR"),($H32/1000)+0.2,IF(AND($H32<>"",$I32="PVC",$N32="MND",$Q32="EMBOQUE"),0,IF(AND($H32<>"",$I32="PEAD",$N32="VCA",$Q32="PREDIAL"),0,0)))))),0) -> 0.41 | AK32: =IF(AA32<>"",AA32,0) -> 1.5 | AL32: =IF(AND($N32="MND",$Q32="EMBOQUE"),$M32,IF(AND($N32="VCA",$Q32="LINEAR"),$M32,IF(AND($N32="VCA",$Q32="PREDIAL"),0,0))) -> 39 | AM32: =IF(AND($N32="MND",$Q32="EMBOQUE"),$M32,IF(AND($N32="VCA",$Q32="LINEAR"),$M32,IF(AND($N32="VCA",$Q32="PREDIAL"),0,0))) -> 39 | AN32: =ROUND(IF(AND($N32="VCA",$M32<>"",$Q32="LINEAR"),$M32/100,IF(AND($N32="MND",$M32>100,$Q32="EMBOQUE"),$M32/100,0)),0) -> 0 | AO32: =IF(AND($N32="MND",$Q32="EMBOQUE"),$AN32*2*2,IF(AND($N32="VCA",$Q32="LINEAR"),$M32*2,IF(AND($N32="VCA",$Q32="PREDIAL"),0,0))) -> 78 | AP32: =IFERROR($M32*$AF32*$AG32,0) -> 41.2425 | AQ32: =IFERROR(IF(AND($N32="VCA",$AH32>0),$M32*$AG32*$AH32,0),0) -> 2.925 | AR32: =IFERROR(IF(AND($N32="VCA",$AJ32>0),($M32*$AG32*$AJ32)-$AI32,0),0) -> 11.621871 | AS32: =IFERROR(IF(AND($N32="VCA",$AP32>0),$AP32-$AI32-$AQ32-$AR32,0),0) -> 26.325 | AT32: =IFERROR(IF($N32="VCA",INDEX(APOIO_REDES!$A:$W,MATCH($C32&$I32&$H32&$N32&$O32,APOIO_REDES!$W:$W,0),MATCH(AT$5,APOIO_REDES!$5:$5,0)),0)*$AP32,0) -> 0.44873061 | AU32: =IFERROR(IF($N32="VCA",INDEX(APOIO_REDES!$A:$W,MATCH($C32&$I32&$H32&$N32&$O32,APOIO_REDES!$W:$W,0),MATCH(AU$5,APOIO_REDES!$5:$5,0)),0)*$AP32,0) -> 0.35834411 | AV32: =IFERROR(IF($N32="VCA",INDEX(APOIO_REDES!$A:$W,MATCH($C32&$I32&$H32&$N32&$O32,APOIO_REDES!$W:$W,0),MATCH(AV$5,APOIO_REDES!$5:$5,0)),0)*$AP32,0) -> 0.049592012 | AW32: =IFERROR(IF($N32="VCA",INDEX(APOIO_REDES!$A:$W,MATCH($C32&$I32&$H32&$N32&$O32,APOIO_REDES!$W:$W,0),MATCH(AW$5,APOIO_REDES!$5:$5,0)),0)*$AP32,0) -> 28.309172 | AX32: =IFERROR(IF($N32="VCA",INDEX(APOIO_REDES!$A:$W,MATCH($C32&$I32&$H32&$N32&$O32,APOIO_REDES!$W:$W,0),MATCH(AX$5,APOIO_REDES!$5:$5,0)),0)*$AP32,0) -> 3.9179087 | AY32: =IFERROR(IF($N32="VCA",INDEX(APOIO_REDES!$A:$W,MATCH($C32&$I32&$H32&$N32&$O32,APOIO_REDES!$W:$W,0),MATCH(AY$5,APOIO_REDES!$5:$5,0)),0)*$AP32,0) -> 7.1668778 | AZ32: =IFERROR(IF($N32="VCA",INDEX(APOIO_REDES!$A:$W,MATCH($C32&$I32&$H32&$N32&$O32,APOIO_REDES!$W:$W,0),MATCH(AZ$5,APOIO_REDES!$5:$5,0)),0)*$AP32,0) -> 0.99187518 | BA32: =IFERROR(IF(AND($N32="VCA",$Q32="LINEAR"),INDEX(APOIO_REDES!$A:$W,MATCH($C32&$I32&$H32&$N32&$O32,APOIO_REDES!$W:$W,0),MATCH(BA$5,APOIO_REDES!$5:$5,0)),IF(AND($N32="MND",$Q32="EMBOQUE"),INDEX(APOIO_REDES!$A:$W,MATCH($C32&$I32&$H32&$N32&$O32,APOIO_REDES!$W:$W,0),MATCH(BA$5,APOIO_REDES!$5:$5,0)),0))*$M32/10,0) -> 3.1433016 | BB32: =IFERROR(IF($N32="VCA",INDEX(APOIO_REDES!$A:$W,MATCH($C32&$I32&$H32&$N32&$O32,APOIO_REDES!$W:$W,0),MATCH(BB$5,APOIO_REDES!$5:$5,0)),0)*($AI32+$AQ32+$AR32),0) -> 14.755193 | BC32: =IFERROR(IF($N32="VCA",INDEX(APOIO_REDES!$A:$W,MATCH($C32&$I32&$H32&$N32&$O32,APOIO_REDES!$W:$W,0),MATCH(BC$5,APOIO_REDES!$5:$5,0)),0)*($AI32+$AQ32+$AR32),0) -> 0.16230682 | BD32: =IF(AND($N32="VCA",$AF32>=1.25,$AF32<1.5),$M32*$AF32*2,0) -> 109.98 | BE32: =IF(AND($N32="VCA",$AF32>=1.5,$AF32<3),$M32*$AF32*2,0) -> 0 | BF32: =IF(AND($N32="VCA",$AF32>=3),$M32*$AF32*2,0) -> 0 | BG32: =($BB32+$BC32)*$AK32 -> 22.37625 | BH32: =IF(AND($M32<>"",$N32="VCA",$Q32="LINEAR"),($M32*2)/100,IF(AND($M32<>"",$N32="MND",$Q32="EMBOQUE"),($AN32*2)/100,0)) -> 0.78 | BI32: =IF(AND($M32<>"",$N32="VCA",$Q32="LINEAR"),$M32,IF(AND($M32<>"",$N32="MND",$Q32="EMBOQUE"),$AN32*2,0)) -> 39 | BJ32: =IF(AND($M32<>"",$N32="VCA",$Q32="LINEAR"),($M32*6.8)/100,IF(AND($M32<>"",$N32="MND",$Q32="EMBOQUE"),($AN32*2*6.8)/100,0)) -> 2.652 | BK32: =IF(AND($M32<>"",$N32="VCA",$Q32="LINEAR"),($M32*2.5)/50,IF(AND($M32<>"",$N32="MND",$Q32="EMBOQUE"),($AN32*2*2.5)/50,0)) -> 1.95 | BL32: =K32&J32 -> Zona01REDES | BM32: EQUIPE ZONA 01 | BN32: Rede | BO32: PB01 | BP32: Zona01_PB01_Rede_NÓ113.1 | BQ32: Zona01_PB01_Rede_NÓ59.1 | BR32: 2EFEE | BS32: 203675.72 | BT32: 8239042.3 | BU32: 203685.84 | BV32: 8239079.2 | BW32: -15.90997 | BX32: -47.76738 | BY32: Zona01_PB01_Rede_NÓ113.1
A33: =IF(C33<>"",ROW(A28),"") -> 28 | B33: =HYPERLINK("https://www.google.com/maps/dir/-15.917302,-47.760003/-15.9099196,-47.7707814/data=!4m3!4m2!3e0!5i2") -> https://www.google.com/maps/dir/-15.917302,-47.760003/-15.9099196,-47.7707814/data=!4m3!4m2!3e0!5i2 | C33: TUBO PEAD | D33: PN10 | E33: PE100 | F33: TUBO PEAD | G33: ELETROFUSÃO | H33: 63 | I33: PEAD | J33: REDES | K33: Zona01 | L33: M | M33: =1.96 -> 1.96 | N33: VCA | O33: VIA | P33: REDE | Q33: LINEAR | R33: Zona01_PB01_Rede_TR028 | S33: TERCIÁRIA | T33: A.RED.SSB-D014.V03.T01.002/037 | U33: =RIGHT(T33,7) -> 002/037 | V33: REVISÃO 08 | W33: 45882 | X33: ST BAIRRO RESID VITÓRIA | Z33: S/DEFINIÇÃO | AA33: 2.1 | AB33: TRECHO DE Zona01_PB01_Rede_NÓ2.2 A Zona01_PB01_Rede_NÓ1.1 | AC33: 5.8.44 | AD33: =CONCATENATE($C33,$I33,$H33,$N33,$J33,$K33) -> TUBO PEADPEAD63VCAREDESZona01 | AE33: =IFERROR(INDEX(APOIO_REDES!$A:$W,MATCH($C33&$I33&$H33&$N33&$O33,APOIO_REDES!$W:$W,0),MATCH(AE$5,APOIO_REDES!$5:$5,0)),0) -> 1.2 | AF33: =IFERROR(INDEX(APOIO_REDES!$A:$W,MATCH($C33&$I33&$H33&$N33&$O33,APOIO_REDES!$W:$W,0),MATCH(AF$5,APOIO_REDES!$5:$5,0)),0) -> 1.363 | AG33: =IFERROR(INDEX(APOIO_REDES!$A:$W,MATCH($C33&$I33&$H33&$N33&$O33,APOIO_REDES!$W:$W,0),MATCH(AG$5,APOIO_REDES!$5:$5,0)),0) -> 0.65 | AH33: =IFERROR(INDEX(APOIO_REDES!$A:$W,MATCH($C33&$I33&$H33&$N33&$O33,APOIO_REDES!$W:$W,0),MATCH(AH$5,APOIO_REDES!$5:$5,0)),0) -> 0.1 | AI33: =IFERROR(IF($H33<>"",(((($H33/1000)/2)^2)*PI()*$M33),0),0) -> 0.0061098008 | AJ33: =IFERROR(IF(AND($H33<>"",$I33="FoFo",OR($N33="MND",$N33="VCA"),$Q33="LINEAR"),0,IF(AND($H33<>"",$I33="PEAD",$N33="VCA",$Q33="LINEAR"),($H33/1000)+0.3,IF(AND($H33<>"",$I33="PEAD",$N33="MND",$Q33="EMBOQUE"),0,IF(AND($H33<>"",$I33="PVC",$N33="VCA",$Q33="LINEAR"),($H33/1000)+0.2,IF(AND($H33<>"",$I33="PVC",$N33="MND",$Q33="EMBOQUE"),0,IF(AND($H33<>"",$I33="PEAD",$N33="VCA",$Q33="PREDIAL"),0,0)))))),0) -> 0.363 | AK33: =IF(AA33<>"",AA33,0) -> 2.1 | AL33: =IF(AND($N33="MND",$Q33="EMBOQUE"),$M33,IF(AND($N33="VCA",$Q33="LINEAR"),$M33,IF(AND($N33="VCA",$Q33="PREDIAL"),0,0))) -> 1.96 | AM33: =IF(AND($N33="MND",$Q33="EMBOQUE"),$M33,IF(AND($N33="VCA",$Q33="LINEAR"),$M33,IF(AND($N33="VCA",$Q33="PREDIAL"),0,0))) -> 1.96 | AN33: =ROUND(IF(AND($N33="VCA",$M33<>"",$Q33="LINEAR"),$M33/100,IF(AND($N33="MND",$M33>100,$Q33="EMBOQUE"),$M33/100,0)),0) -> 0 | AO33: =IF(AND($N33="MND",$Q33="EMBOQUE"),$AN33*2*2,IF(AND($N33="VCA",$Q33="LINEAR"),$M33*2,IF(AND($N33="VCA",$Q33="PREDIAL"),0,0))) -> 3.92 | AP33: =IFERROR($M33*$AF33*$AG33,0) -> 1.736462 | AQ33: =IFERROR(IF(AND($N33="VCA",$AH33>0),$M33*$AG33*$AH33,0),0) -> 0.1274 | AR33: =IFERROR(IF(AND($N33="VCA",$AJ33>0),($M33*$AG33*$AJ33)-$AI33,0),0) -> 0.4563522 | AS33: =IFERROR(IF(AND($N33="VCA",$AP33>0),$AP33-$AI33-$AQ33-$AR33,0),0) -> 1.1466 | AT33: =IFERROR(IF($N33="VCA",INDEX(APOIO_REDES!$A:$W,MATCH($C33&$I33&$H33&$N33&$O33,APOIO_REDES!$W:$W,0),MATCH(AT$5,APOIO_REDES!$5:$5,0)),0)*$AP33,0) -> 0.018893221 | AU33: =IFERROR(IF($N33="VCA",INDEX(APOIO_REDES!$A:$W,MATCH($C33&$I33&$H33&$N33&$O33,APOIO_REDES!$W:$W,0),MATCH(AU$5,APOIO_REDES!$5:$5,0)),0)*$AP33,0) -> 0.015087614 | AV33: =IFERROR(IF($N33="VCA",INDEX(APOIO_REDES!$A:$W,MATCH($C33&$I33&$H33&$N33&$O33,APOIO_REDES!$W:$W,0),MATCH(AV$5,APOIO_REDES!$5:$5,0)),0)*$AP33,0) -> 0.0020880074 | AW33: =IFERROR(IF($N33="VCA",INDEX(APOIO_REDES!$A:$W,MATCH($C33&$I33&$H33&$N33&$O33,APOIO_REDES!$W:$W,0),MATCH(AW$5,APOIO_REDES!$5:$5,0)),0)*$AP33,0) -> 1.191921 | AX33: =IFERROR(IF($N33="VCA",INDEX(APOIO_REDES!$A:$W,MATCH($C33&$I33&$H33&$N33&$O33,APOIO_REDES!$W:$W,0),MATCH(AX$5,APOIO_REDES!$5:$5,0)),0)*$AP33,0) -> 0.16495847 | AY33: =IFERROR(IF($N33="VCA",INDEX(APOIO_REDES!$A:$W,MATCH($C33&$I33&$H33&$N33&$O33,APOIO_REDES!$W:$W,0),MATCH(AY$5,APOIO_REDES!$5:$5,0)),0)*$AP33,0) -> 0.3017521 | AZ33: =IFERROR(IF($N33="VCA",INDEX(APOIO_REDES!$A:$W,MATCH($C33&$I33&$H33&$N33&$O33,APOIO_REDES!$W:$W,0),MATCH(AZ$5,APOIO_REDES!$5:$5,0)),0)*$AP33,0) -> 0.041761619 | BA33: =IFERROR(IF(AND($N33="VCA",$Q33="LINEAR"),INDEX(APOIO_REDES!$A:$W,MATCH($C33&$I33&$H33&$N33&$O33,APOIO_REDES!$W:$W,0),MATCH(BA$5,APOIO_REDES!$5:$5,0)),IF(AND($N33="MND",$Q33="EMBOQUE"),INDEX(APOIO_REDES!$A:$W,MATCH($C33&$I33&$H33&$N33&$O33,APOIO_REDES!$W:$W,0),MATCH(BA$5,APOIO_REDES!$5:$5,0)),0))*$M33/10,0) -> 0.15797106 | BB33: =IFERROR(IF($N33="VCA",INDEX(APOIO_REDES!$A:$W,MATCH($C33&$I33&$H33&$N33&$O33,APOIO_REDES!$W:$W,0),MATCH(BB$5,APOIO_REDES!$5:$5,0)),0)*($AI33+$AQ33+$AR33),0) -> 0.58344413 | BC33: =IFERROR(IF($N33="VCA",INDEX(APOIO_REDES!$A:$W,MATCH($C33&$I33&$H33&$N33&$O33,APOIO_REDES!$W:$W,0),MATCH(BC$5,APOIO_REDES!$5:$5,0)),0)*($AI33+$AQ33+$AR33),0) -> 0.0064178732 | BD33: =IF(AND($N33="VCA",$AF33>=1.25,$AF33<1.5),$M33*$AF33*2,0) -> 5.34296 | BE33: =IF(AND($N33="VCA",$AF33>=1.5,$AF33<3),$M33*$AF33*2,0) -> 0 | BF33: =IF(AND($N33="VCA",$AF33>=3),$M33*$AF33*2,0) -> 0 | BG33: =($BB33+$BC33)*$AK33 -> 1.2387102 | BH33: =IF(AND($M33<>"",$N33="VCA",$Q33="LINEAR"),($M33*2)/100,IF(AND($M33<>"",$N33="MND",$Q33="EMBOQUE"),($AN33*2)/100,0)) -> 0.0392 | BI33: =IF(AND($M33<>"",$N33="VCA",$Q33="LINEAR"),$M33,IF(AND($M33<>"",$N33="MND",$Q33="EMBOQUE"),$AN33*2,0)) -> 1.96 | BJ33: =IF(AND($M33<>"",$N33="VCA",$Q33="LINEAR"),($M33*6.8)/100,IF(AND($M33<>"",$N33="MND",$Q33="EMBOQUE"),($AN33*2*6.8)/100,0)) -> 0.13328 | BK33: =IF(AND($M33<>"",$N33="VCA",$Q33="LINEAR"),($M33*2.5)/50,IF(AND($M33<>"",$N33="MND",$Q33="EMBOQUE"),($AN33*2*2.5)/50,0)) -> 0.098 | BL33: =K33&J33 -> Zona01REDES | BM33: EQUIPE ZONA 01 | BN33: Rede | BO33: PB01 | BP33: Zona01_PB01_Rede_NÓ2.2 | BQ33: Zona01_PB01_Rede_NÓ1.1 | BR33: 5FD12 | BS33: 203318.35 | BT33: 8239061.2 | BU33: 203317.11 | BV33: 8239059.7 | BW33: -15.909926 | BX33: -47.770787 | BY33: Zona01_PB01_Rede_NÓ2.2
A34: =IF(C34<>"",ROW(A29),"") -> 29 | B34: =HYPERLINK("https://www.google.com/maps/dir/-15.917302,-47.760003/-15.9100486,-47.7697839/data=!4m3!4m2!3e0!5i0") -> https://www.google.com/maps/dir/-15.917302,-47.760003/-15.9100486,-47.7697839/data=!4m3!4m2!3e0!5i0 | C34: TUBO PEAD | D34: PN10 | E34: PE100 | F34: TUBO PEAD | G34: ELETROFUSÃO | H34: 90 | I34: PEAD | J34: REDES | K34: Zona01 | L34: M | M34: =26.54 -> 26.54 | N34: VCA | O34: VIA | P34: REDE | Q34: LINEAR | R34: Zona01_PB01_Rede_TR029 | S34: SECUNDÁRIA | T34: A.RED.SSB-D014.V03.T01.002/037 | U34: =RIGHT(T34,7) -> 002/037 | V34: REVISÃO 08 | W34: 45882 | X34: ST BAIRRO RESID VITÓRIA | Z34: S/DEFINIÇÃO | AA34: 1.8 | AB34: TRECHO DE Zona01_PB01_Rede_NÓ57.2 A Zona01_PB01_Rede_NÓ57.3 | AC34: 5.8.45 | AD34: =CONCATENATE($C34,$I34,$H34,$N34,$J34,$K34) -> TUBO PEADPEAD90VCAREDESZona01 | AE34: =IFERROR(INDEX(APOIO_REDES!$A:$W,MATCH($C34&$I34&$H34&$N34&$O34,APOIO_REDES!$W:$W,0),MATCH(AE$5,APOIO_REDES!$5:$5,0)),0) -> 1.2 | AF34: =IFERROR(INDEX(APOIO_REDES!$A:$W,MATCH($C34&$I34&$H34&$N34&$O34,APOIO_REDES!$W:$W,0),MATCH(AF$5,APOIO_REDES!$5:$5,0)),0) -> 1.39 | AG34: =IFERROR(INDEX(APOIO_REDES!$A:$W,MATCH($C34&$I34&$H34&$N34&$O34,APOIO_REDES!$W:$W,0),MATCH(AG$5,APOIO_REDES!$5:$5,0)),0) -> 0.75 | AH34: =IFERROR(INDEX(APOIO_REDES!$A:$W,MATCH($C34&$I34&$H34&$N34&$O34,APOIO_REDES!$W:$W,0),MATCH(AH$5,APOIO_REDES!$5:$5,0)),0) -> 0.1 | AI34: =IFERROR(IF($H34<>"",(((($H34/1000)/2)^2)*PI()*$M34),0),0) -> 0.16884018 | AJ34: =IFERROR(IF(AND($H34<>"",$I34="FoFo",OR($N34="MND",$N34="VCA"),$Q34="LINEAR"),0,IF(AND($H34<>"",$I34="PEAD",$N34="VCA",$Q34="LINEAR"),($H34/1000)+0.3,IF(AND($H34<>"",$I34="PEAD",$N34="MND",$Q34="EMBOQUE"),0,IF(AND($H34<>"",$I34="PVC",$N34="VCA",$Q34="LINEAR"),($H34/1000)+0.2,IF(AND($H34<>"",$I34="PVC",$N34="MND",$Q34="EMBOQUE"),0,IF(AND($H34<>"",$I34="PEAD",$N34="VCA",$Q34="PREDIAL"),0,0)))))),0) -> 0.39 | AK34: =IF(AA34<>"",AA34,0) -> 1.8 | AL34: =IF(AND($N34="MND",$Q34="EMBOQUE"),$M34,IF(AND($N34="VCA",$Q34="LINEAR"),$M34,IF(AND($N34="VCA",$Q34="PREDIAL"),0,0))) -> 26.54 | AM34: =IF(AND($N34="MND",$Q34="EMBOQUE"),$M34,IF(AND($N34="VCA",$Q34="LINEAR"),$M34,IF(AND($N34="VCA",$Q34="PREDIAL"),0,0))) -> 26.54 | AN34: =ROUND(IF(AND($N34="VCA",$M34<>"",$Q34="LINEAR"),$M34/100,IF(AND($N34="MND",$M34>100,$Q34="EMBOQUE"),$M34/100,0)),0) -> 0 | AO34: =IF(AND($N34="MND",$Q34="EMBOQUE"),$AN34*2*2,IF(AND($N34="VCA",$Q34="LINEAR"),$M34*2,IF(AND($N34="VCA",$Q34="PREDIAL"),0,0))) -> 53.08 | AP34: =IFERROR($M34*$AF34*$AG34,0) -> 27.66795 | AQ34: =IFERROR(IF(AND($N34="VCA",$AH34>0),$M34*$AG34*$AH34,0),0) -> 1.9905 | AR34: =IFERROR(IF(AND($N34="VCA",$AJ34>0),($M34*$AG34*$AJ34)-$AI34,0),0) -> 7.5941098 | AS34: =IFERROR(IF(AND($N34="VCA",$AP34>0),$AP34-$AI34-$AQ34-$AR34,0),0) -> 17.9145 | AT34: =IFERROR(IF($N34="VCA",INDEX(APOIO_REDES!$A:$W,MATCH($C34&$I34&$H34&$N34&$O34,APOIO_REDES!$W:$W,0),MATCH(AT$5,APOIO_REDES!$5:$5,0)),0)*$AP34,0) -> 0.30103549 | AU34: =IFERROR(IF($N34="VCA",INDEX(APOIO_REDES!$A:$W,MATCH($C34&$I34&$H34&$N34&$O34,APOIO_REDES!$W:$W,0),MATCH(AU$5,APOIO_REDES!$5:$5,0)),0)*$AP34,0) -> 0.24039879 | AV34: =IFERROR(IF($N34="VCA",INDEX(APOIO_REDES!$A:$W,MATCH($C34&$I34&$H34&$N34&$O34,APOIO_REDES!$W:$W,0),MATCH(AV$5,APOIO_REDES!$5:$5,0)),0)*$AP34,0) -> 0.033269305 | AW34: =IFERROR(IF($N34="VCA",INDEX(APOIO_REDES!$A:$W,MATCH($C34&$I34&$H34&$N34&$O34,APOIO_REDES!$W:$W,0),MATCH(AW$5,APOIO_REDES!$5:$5,0)),0)*$AP34,0) -> 18.991495 | AX34: =IFERROR(IF($N34="VCA",INDEX(APOIO_REDES!$A:$W,MATCH($C34&$I34&$H34&$N34&$O34,APOIO_REDES!$W:$W,0),MATCH(AX$5,APOIO_REDES!$5:$5,0)),0)*$AP34,0) -> 2.6283688 | AY34: =IFERROR(IF($N34="VCA",INDEX(APOIO_REDES!$A:$W,MATCH($C34&$I34&$H34&$N34&$O34,APOIO_REDES!$W:$W,0),MATCH(AY$5,APOIO_REDES!$5:$5,0)),0)*$AP34,0) -> 4.8079728 | AZ34: =IFERROR(IF($N34="VCA",INDEX(APOIO_REDES!$A:$W,MATCH($C34&$I34&$H34&$N34&$O34,APOIO_REDES!$W:$W,0),MATCH(AZ$5,APOIO_REDES!$5:$5,0)),0)*$AP34,0) -> 0.66540954 | BA34: =IFERROR(IF(AND($N34="VCA",$Q34="LINEAR"),INDEX(APOIO_REDES!$A:$W,MATCH($C34&$I34&$H34&$N34&$O34,APOIO_REDES!$W:$W,0),MATCH(BA$5,APOIO_REDES!$5:$5,0)),IF(AND($N34="MND",$Q34="EMBOQUE"),INDEX(APOIO_REDES!$A:$W,MATCH($C34&$I34&$H34&$N34&$O34,APOIO_REDES!$W:$W,0),MATCH(BA$5,APOIO_REDES!$5:$5,0)),0))*$M34/10,0) -> 2.1390571 | BB34: =IFERROR(IF($N34="VCA",INDEX(APOIO_REDES!$A:$W,MATCH($C34&$I34&$H34&$N34&$O34,APOIO_REDES!$W:$W,0),MATCH(BB$5,APOIO_REDES!$5:$5,0)),0)*($AI34+$AQ34+$AR34),0) -> 9.6473296 | BC34: =IFERROR(IF($N34="VCA",INDEX(APOIO_REDES!$A:$W,MATCH($C34&$I34&$H34&$N34&$O34,APOIO_REDES!$W:$W,0),MATCH(BC$5,APOIO_REDES!$5:$5,0)),0)*($AI34+$AQ34+$AR34),0) -> 0.10612042 | BD34: =IF(AND($N34="VCA",$AF34>=1.25,$AF34<1.5),$M34*$AF34*2,0) -> 73.7812 | BE34: =IF(AND($N34="VCA",$AF34>=1.5,$AF34<3),$M34*$AF34*2,0) -> 0 | BF34: =IF(AND($N34="VCA",$AF34>=3),$M34*$AF34*2,0) -> 0 | BG34: =($BB34+$BC34)*$AK34 -> 17.55621 | BH34: =IF(AND($M34<>"",$N34="VCA",$Q34="LINEAR"),($M34*2)/100,IF(AND($M34<>"",$N34="MND",$Q34="EMBOQUE"),($AN34*2)/100,0)) -> 0.5308 | BI34: =IF(AND($M34<>"",$N34="VCA",$Q34="LINEAR"),$M34,IF(AND($M34<>"",$N34="MND",$Q34="EMBOQUE"),$AN34*2,0)) -> 26.54 | BJ34: =IF(AND($M34<>"",$N34="VCA",$Q34="LINEAR"),($M34*6.8)/100,IF(AND($M34<>"",$N34="MND",$Q34="EMBOQUE"),($AN34*2*6.8)/100,0)) -> 1.80472 | BK34: =IF(AND($M34<>"",$N34="VCA",$Q34="LINEAR"),($M34*2.5)/50,IF(AND($M34<>"",$N34="MND",$Q34="EMBOQUE"),($AN34*2*2.5)/50,0)) -> 1.327 | BL34: =K34&J34 -> Zona01REDES | BM34: EQUIPE ZONA 01 | BN34: Rede | BO34: PB01 | BP34: Zona01_PB01_Rede_NÓ57.2 | BQ34: Zona01_PB01_Rede_NÓ57.3 | BR34: AD11 | BS34: 203425.72 | BT34: 8239048.1 | BU34: 203441.96 | BV34: 8239069.1 | BW34: -15.909957 | BX34: -47.769704 | BY34: Zona01_PB01_Rede_NÓ57.2
A35: =IF(C35<>"",ROW(A30),"") -> 30 | B35: =HYPERLINK("https://www.google.com/maps/dir/-15.917302,-47.760003/-15.9098710,-47.7691512/data=!4m3!4m2!3e0!5i0") -> https://www.google.com/maps/dir/-15.917302,-47.760003/-15.9098710,-47.7691512/data=!4m3!4m2!3e0!5i0 | C35: TUBO PEAD | D35: PN10 | E35: PE100 | F35: TUBO PEAD | G35: ELETROFUSÃO | H35: 110 | I35: PEAD | J35: REDES | K35: Zona01 | L35: M | M35: =44.8 -> 44.8 | N35: VCA | O35: VIA | P35: REDE | Q35: LINEAR | R35: Zona01_PB01_Rede_TR030 | S35: SECUNDÁRIA | T35: A.RED.SSB-D014.V03.T01.002/037 | U35: =RIGHT(T35,7) -> 002/037 | V35: REVISÃO 08 | W35: 45882 | X35: ST BAIRRO RESID VITÓRIA | Z35: S/DEFINIÇÃO | AA35: 1.7 | AB35: TRECHO DE Zona01_PB01_Rede_NÓ69.1 A Zona01_PB01_Rede_NÓ107.1 | AC35: 5.8.36 | AD35: =CONCATENATE($C35,$I35,$H35,$N35,$J35,$K35) -> TUBO PEADPEAD110VCAREDESZona01 | AE35: =IFERROR(INDEX(APOIO_REDES!$A:$W,MATCH($C35&$I35&$H35&$N35&$O35,APOIO_REDES!$W:$W,0),MATCH(AE$5,APOIO_REDES!$5:$5,0)),0) -> 1.2 | AF35: =IFERROR(INDEX(APOIO_REDES!$A:$W,MATCH($C35&$I35&$H35&$N35&$O35,APOIO_REDES!$W:$W,0),MATCH(AF$5,APOIO_REDES!$5:$5,0)),0) -> 1.41 | AG35: =IFERROR(INDEX(APOIO_REDES!$A:$W,MATCH($C35&$I35&$H35&$N35&$O35,APOIO_REDES!$W:$W,0),MATCH(AG$5,APOIO_REDES!$5:$5,0)),0) -> 0.75 | AH35: =IFERROR(INDEX(APOIO_REDES!$A:$W,MATCH($C35&$I35&$H35&$N35&$O35,APOIO_REDES!$W:$W,0),MATCH(AH$5,APOIO_REDES!$5:$5,0)),0) -> 0.1 | AI35: =IFERROR(IF($H35<>"",(((($H35/1000)/2)^2)*PI()*$M35),0),0) -> 0.42574864 | AJ35: =IFERROR(IF(AND($H35<>"",$I35="FoFo",OR($N35="MND",$N35="VCA"),$Q35="LINEAR"),0,IF(AND($H35<>"",$I35="PEAD",$N35="VCA",$Q35="LINEAR"),($H35/1000)+0.3,IF(AND($H35<>"",$I35="PEAD",$N35="MND",$Q35="EMBOQUE"),0,IF(AND($H35<>"",$I35="PVC",$N35="VCA",$Q35="LINEAR"),($H35/1000)+0.2,IF(AND($H35<>"",$I35="PVC",$N35="MND",$Q35="EMBOQUE"),0,IF(AND($H35<>"",$I35="PEAD",$N35="VCA",$Q35="PREDIAL"),0,0)))))),0) -> 0.41 | AK35: =IF(AA35<>"",AA35,0) -> 1.7 | AL35: =IF(AND($N35="MND",$Q35="EMBOQUE"),$M35,IF(AND($N35="VCA",$Q35="LINEAR"),$M35,IF(AND($N35="VCA",$Q35="PREDIAL"),0,0))) -> 44.8 | AM35: =IF(AND($N35="MND",$Q35="EMBOQUE"),$M35,IF(AND($N35="VCA",$Q35="LINEAR"),$M35,IF(AND($N35="VCA",$Q35="PREDIAL"),0,0))) -> 44.8 | AN35: =ROUND(IF(AND($N35="VCA",$M35<>"",$Q35="LINEAR"),$M35/100,IF(AND($N35="MND",$M35>100,$Q35="EMBOQUE"),$M35/100,0)),0) -> 0 | AO35: =IF(AND($N35="MND",$Q35="EMBOQUE"),$AN35*2*2,IF(AND($N35="VCA",$Q35="LINEAR"),$M35*2,IF(AND($N35="VCA",$Q35="PREDIAL"),0,0))) -> 89.6 | AP35: =IFERROR($M35*$AF35*$AG35,0) -> 47.376 | AQ35: =IFERROR(IF(AND($N35="VCA",$AH35>0),$M35*$AG35*$AH35,0),0) -> 3.36 | AR35: =IFERROR(IF(AND($N35="VCA",$AJ35>0),($M35*$AG35*$AJ35)-$AI35,0),0) -> 13.350251 | AS35: =IFERROR(IF(AND($N35="VCA",$AP35>0),$AP35-$AI35-$AQ35-$AR35,0),0) -> 30.24 | AT35: =IFERROR(IF($N35="VCA",INDEX(APOIO_REDES!$A:$W,MATCH($C35&$I35&$H35&$N35&$O35,APOIO_REDES!$W:$W,0),MATCH(AT$5,APOIO_REDES!$5:$5,0)),0)*$AP35,0) -> 0.5154649 | AU35: =IFERROR(IF($N35="VCA",INDEX(APOIO_REDES!$A:$W,MATCH($C35&$I35&$H35&$N35&$O35,APOIO_REDES!$W:$W,0),MATCH(AU$5,APOIO_REDES!$5:$5,0)),0)*$AP35,0) -> 0.41163631 | AV35: =IFERROR(IF($N35="VCA",INDEX(APOIO_REDES!$A:$W,MATCH($C35&$I35&$H35&$N35&$O35,APOIO_REDES!$W:$W,0),MATCH(AV$5,APOIO_REDES!$5:$5,0)),0)*$AP35,0) -> 0.056967234 | AW35: =IFERROR(IF($N35="VCA",INDEX(APOIO_REDES!$A:$W,MATCH($C35&$I35&$H35&$N35&$O35,APOIO_REDES!$W:$W,0),MATCH(AW$5,APOIO_REDES!$5:$5,0)),0)*$AP35,0) -> 32.519253 | AX35: =IFERROR(IF($N35="VCA",INDEX(APOIO_REDES!$A:$W,MATCH($C35&$I35&$H35&$N35&$O35,APOIO_REDES!$W:$W,0),MATCH(AX$5,APOIO_REDES!$5:$5,0)),0)*$AP35,0) -> 4.500572 | AY35: =IFERROR(IF($N35="VCA",INDEX(APOIO_REDES!$A:$W,MATCH($C35&$I35&$H35&$N35&$O35,APOIO_REDES!$W:$W,0),MATCH(AY$5,APOIO_REDES!$5:$5,0)),0)*$AP35,0) -> 8.2327212 | AZ35: =IFERROR(IF($N35="VCA",INDEX(APOIO_REDES!$A:$W,MATCH($C35&$I35&$H35&$N35&$O35,APOIO_REDES!$W:$W,0),MATCH(AZ$5,APOIO_REDES!$5:$5,0)),0)*$AP35,0) -> 1.1393848 | BA35: =IFERROR(IF(AND($N35="VCA",$Q35="LINEAR"),INDEX(APOIO_REDES!$A:$W,MATCH($C35&$I35&$H35&$N35&$O35,APOIO_REDES!$W:$W,0),MATCH(BA$5,APOIO_REDES!$5:$5,0)),IF(AND($N35="MND",$Q35="EMBOQUE"),INDEX(APOIO_REDES!$A:$W,MATCH($C35&$I35&$H35&$N35&$O35,APOIO_REDES!$W:$W,0),MATCH(BA$5,APOIO_REDES!$5:$5,0)),0))*$M35/10,0) -> 3.610767 | BB35: =IFERROR(IF($N35="VCA",INDEX(APOIO_REDES!$A:$W,MATCH($C35&$I35&$H35&$N35&$O35,APOIO_REDES!$W:$W,0),MATCH(BB$5,APOIO_REDES!$5:$5,0)),0)*($AI35+$AQ35+$AR35),0) -> 16.949555 | BC35: =IFERROR(IF($N35="VCA",INDEX(APOIO_REDES!$A:$W,MATCH($C35&$I35&$H35&$N35&$O35,APOIO_REDES!$W:$W,0),MATCH(BC$5,APOIO_REDES!$5:$5,0)),0)*($AI35+$AQ35+$AR35),0) -> 0.18644475 | BD35: =IF(AND($N35="VCA",$AF35>=1.25,$AF35<1.5),$M35*$AF35*2,0) -> 126.336 | BE35: =IF(AND($N35="VCA",$AF35>=1.5,$AF35<3),$M35*$AF35*2,0) -> 0 | BF35: =IF(AND($N35="VCA",$AF35>=3),$M35*$AF35*2,0) -> 0 | BG35: =($BB35+$BC35)*$AK35 -> 29.1312 | BH35: =IF(AND($M35<>"",$N35="VCA",$Q35="LINEAR"),($M35*2)/100,IF(AND($M35<>"",$N35="MND",$Q35="EMBOQUE"),($AN35*2)/100,0)) -> 0.896 | BI35: =IF(AND($M35<>"",$N35="VCA",$Q35="LINEAR"),$M35,IF(AND($M35<>"",$N35="MND",$Q35="EMBOQUE"),$AN35*2,0)) -> 44.8 | BJ35: =IF(AND($M35<>"",$N35="VCA",$Q35="LINEAR"),($M35*6.8)/100,IF(AND($M35<>"",$N35="MND",$Q35="EMBOQUE"),($AN35*2*6.8)/100,0)) -> 3.0464 | BK35: =IF(AND($M35<>"",$N35="VCA",$Q35="LINEAR"),($M35*2.5)/50,IF(AND($M35<>"",$N35="MND",$Q35="EMBOQUE"),($AN35*2*2.5)/50,0)) -> 2.24 | BL35: =K35&J35 -> Zona01REDES | BM35: EQUIPE ZONA 01 | BN35: Rede | BO35: PB01 | BP35: Zona01_PB01_Rede_NÓ69.1 | BQ35: Zona01_PB01_Rede_NÓ107.1 | BR35: AD2F | BS35: 203492.96 | BT35: 8239068.9 | BU35: 203528.56 | BV35: 8239041.7 | BW35: -15.909992 | BX35: -47.768984 | BY35: Zona01_PB01_Rede_NÓ69.1
